id,idprojeto,nuacao,nome,esforco,forma_verificacao,descricao,data_prevista,data_realizada,status,data_inclusao,usuario_inclusao,data_atualizacao,usuario_alteracao,iddocsobrigatorios
1,189,2,1 - 1ª Prestação de contas realizada,16,Apresentação da prestação de contas,Apresentação de contas parcial do projeto,2017-12-29,2020-05-13,at,2020-05-13 09:46:56,renato.rossi,2020-05-13 09:46:56,renato.rossi,
2,189,2,2 - 2ª Prestação de contas realizada,16,Documento de prestação de contas entregue ao Sebrae,Apresentação ao Sebrae da segunda prestação de contas parcial,2018-06-29,2020-05-13,at,2020-05-13 09:50:05,renato.rossi,2020-05-13 09:50:05,renato.rossi,
3,189,2,3 - 1º Levantamento da situação dos projetos realizado,16,Apresentação de documento,Levantamento de da situação dos projetos,2018-08-31,2020-05-13,at,2020-05-13 09:53:47,renato.rossi,2020-05-13 09:53:47,renato.rossi,
4,189,2,4 - 3ª Prestação de contas realizada,16,Apresentação ao Sebrae do documento,Apresentação ao Sebrae da 3ª prestação de contas,2019-03-29,2020-05-13,at,2020-05-13 09:56:48,renato.rossi,2020-05-13 09:56:48,renato.rossi,
5,189,2,5 - 2º Levantamento da sitação dos projetos apresentado,16,Documento preparado,Realização de levantamento,2019-04-30,2020-05-13,at,2020-05-13 09:59:20,renato.rossi,2020-05-13 09:59:20,renato.rossi,
6,189,2,6 - 3º Levantamento da situação dos projetos realizado,16,Documento de levantamento,Levantamento da situação dos projetos,2020-01-10,,na,2020-05-13 10:04:00,renato.rossi,2020-05-13 10:04:00,renato.rossi,
7,189,2,7 - Encerramento,4,Apresentação da prestação de contas final,Encerramento do projeto com a apresentação da prestação de contas final,2020-01-10,,na,2020-05-13 10:12:58,renato.rossi,2020-05-13 10:12:58,renato.rossi,
8,189,1,1 - Cadastramento no Sigeor realizado,30,Acesso ao Sigeor,Cadastramento e aprovação do projeto no Sigeor,2017-07-31,2020-05-13,at,2020-05-13 14:10:05,renato.rossi,2020-05-13 14:10:05,renato.rossi,
9,189,1,2 - Instalação do comitê gestor realizada,30,Designação dos integrantes,Designação dos integrantes do comitê gestor,2017-07-31,2020-05-13,at,2020-05-13 14:12:04,renato.rossi,2020-05-13 14:12:04,renato.rossi,
10,189,1,3 - Equipe de trabalho formada,30,Contratos com a equipe de trabalho,Seleção e contratação da equipe,2017-08-21,2020-05-13,at,2020-05-13 14:13:54,renato.rossi,2020-05-13 14:13:54,renato.rossi,
11,189,1,4 - Encerramento,10,Encerramento da ação,Encerramento da ação,2017-08-21,2020-05-13,at,2020-05-13 14:16:16,renato.rossi,2020-05-13 14:16:16,renato.rossi,
12,189,3,T0 aplicada,45,Relatório de pesquisa,Pesquisa inicial aplicada a todos os projetos apoiados,2018-02-16,2020-05-28,at,2020-05-28 08:44:52,renato.rossi,2020-05-28 08:44:52,renato.rossi,
13,189,3,T1 aplicada,45,Relatório final,Pesquisa T1 aplicada a todos os projetos apoiados,2018-11-30,,,2020-05-28 08:48:25,renato.rossi,2020-05-28 08:48:25,renato.rossi,
14,189,3,Encerramento,10,Não há,Encerramento da ação,2019-12-13,,,2020-05-28 08:49:37,renato.rossi,2020-05-28 08:49:37,renato.rossi,
15,189,4,Avaliação I realizada,19,Relatório de avaliação,Avaliação do andamento do projeto,2017-12-08,2020-05-28,at,2020-05-28 09:04:15,renato.rossi,2020-05-28 09:04:15,renato.rossi,
16,189,4,Avaliação II realizada,19,Relatório,Avaliação do andamento do projeto,2018-06-15,2020-05-28,at,2020-05-28 09:06:45,renato.rossi,2020-05-28 09:06:45,renato.rossi,
17,189,4,Avaliação III realizada,19,Relatório,Avaliação do andamento do projeto,2018-12-21,2020-05-28,at,2020-05-28 09:08:02,renato.rossi,2020-05-28 09:08:02,renato.rossi,
18,189,4,Avaliação IV realizada,19,Relatório,Avaliação do andamento do projeto,2019-06-28,,,2020-05-28 09:09:39,renato.rossi,2020-05-28 09:09:39,renato.rossi,
19,189,4,Avaliação final realizada,19,Relatório,Avaliação final do projeto como um todo,2020-01-10,,,2020-05-28 09:12:01,renato.rossi,2020-05-28 09:12:01,renato.rossi,
20,189,4,Encerramento da ação,5,Atualização do Sigeor,Encerramento da ação,2020-01-10,,,2020-05-28 09:13:54,renato.rossi,2020-05-28 09:13:54,renato.rossi,
21,189,5,Chamada de projetos preparada,10,Edital divulgado,"Preparação, aprovação pelo Sebrae e divulgação da chamada de projetos",2017-08-25,2020-05-28,at,2020-05-28 09:43:37,renato.rossi,2020-05-28 09:43:37,renato.rossi,
22,189,5,Seminário com os estados realizado,5,Não,Realização de seminário com as unidades estaduais do Sebrae,2017-08-28,2020-05-28,at,2020-05-28 09:45:51,renato.rossi,2020-05-28 09:45:51,renato.rossi,
23,189,5,Atendimento telemático para apoio à preparação de propostas realizado,10,Gravações das sessões ou relatório,Sessões telemáticas para esclarecimento de dúvidas relativas às propostas,2017-11-03,2020-05-28,at,2020-05-28 09:48:15,renato.rossi,2020-05-28 09:48:15,renato.rossi,
24,189,5,Oficinas de apoio à preparação de propostas realizadas,25,Relatório,Realização de oficinas de apoio à preparação de propostas em diferentes estados,2017-11-03,2020-05-28,at,2020-05-28 09:50:20,renato.rossi,2020-05-28 09:50:20,renato.rossi,
25,189,5,Propostas selecionadas,25,Relatório com os projetos selecionados,Avaliação e seleção dos projetos propostos. Aprovação do Sebrae,2017-11-24,2020-05-28,at,2020-05-28 09:51:56,renato.rossi,2020-05-28 09:51:56,renato.rossi,
26,189,5,Convênios assinados,20,Convênios assinados e arquivados,Preparação e assinatura dos convênios com as entidades proponentes e respectivos termos aditivos,2017-12-08,2020-05-28,at,2020-05-28 09:55:24,renato.rossi,2020-05-28 09:55:24,renato.rossi,
27,189,5,Encerramento,5,Atualização do Sigeor,Encerramento da ação,2017-12-08,2020-05-28,at,2020-05-28 09:56:42,renato.rossi,2020-05-28 09:56:42,renato.rossi,
28,189,6,Empresa selecionada e contratada,10,Contrato de prestação de serviços,Seleção e contratação de empresa para a prestação dos serviços de desenvolvimento,2017-09-08,2020-05-28,at,2020-05-28 10:01:43,renato.rossi,2020-05-28 10:01:43,renato.rossi,
29,189,6,Nova versão do portal implantada,90,Navegação pelo portal - relatório,Desenvolvimento e implantação das melhorias definidas,,,na,2020-05-28 10:03:18,renato.rossi,2020-05-28 10:03:18,renato.rossi,
30,189,6,Encerramento,5,Atualização do Sigeor,"Encerramento dos trabalhos, guarda de materiais e atualização do Sigeor",2017-12-29,,,2020-05-28 10:05:16,renato.rossi,2020-05-28 10:05:16,renato.rossi,
31,189,7,Detalhamento realizado e divulgado,,Relatório com o detalhamento,Detalhamento das condições para participação e premiação,2018-02-28,,na,2020-05-28 10:14:38,renato.rossi,2020-05-28 10:14:38,renato.rossi,
32,189,7,Acompanhamento realizado,20,Relatórios de acompanhamento,Acompanhamento do andamento dos projetos considerando os critérios do prêmio,2019-08-02,,na,2020-05-28 10:15:50,renato.rossi,2020-05-28 10:15:50,renato.rossi,
33,189,7,Seleção dos finalistas realizada,20,Relatório,Análise dos indicadores e definição dos finalistas,2019-08-16,,na,2020-05-28 10:17:16,renato.rossi,2020-05-28 10:17:16,renato.rossi,
34,189,7,Evento de premiação preparado e realizado,35,Relatório,Evento de premiação,2019-09-20,,na,2020-05-28 10:18:16,renato.rossi,2020-05-28 10:18:16,renato.rossi,
35,189,7,Encerramento,5,Atualização do Sigeor,Encerramento da ação,2019-09-20,,na,2020-05-28 10:21:12,renato.rossi,2020-05-28 10:21:12,renato.rossi,
36,189,8,1º Ciclo de acompanhamento realizado,30,Relatório,Acompanhamento dos projetos apoiados,2018-08-17,2020-05-28,at,2020-05-28 10:24:27,renato.rossi,2020-05-28 10:24:27,renato.rossi,
37,189,8,2º Ciclo de acompanhamento realizado,30,Relatório,Acompanhamento dos projetos apoiados,2019-04-26,2020-05-28,at,2020-05-28 10:26:16,renato.rossi,2020-05-28 10:26:16,renato.rossi,
38,189,8,3º Ciclo de acompanhamento realizado,30,Relatório,Acompanhamento dos projetos apoiados,2020-01-03,,,2020-05-28 10:29:52,renato.rossi,2020-05-28 10:29:52,renato.rossi,
39,189,8,Encerramento,10,Atualização do Sigeor,Encerramento da ação,2020-01-10,,,2020-05-28 10:30:46,renato.rossi,2020-05-28 10:30:46,renato.rossi,
40,2012,1,Estruturação do Projeto,,Projeto assinado ajustado conforme as orientações da CACB,Entrega do Projeto assinado ajustado conforme as orientações da CACB.,2020-06-01,2020-09-22,at,2020-09-22 15:52:51,amauger,2020-09-22 15:52:51,amauger,
41,2012,2,1º acompanhamento de gestão e monitoramento realizado,,Relatório de Acompanhamento,Realização do 1º acompanhamento de gestão e monitoramento do projeto,2020-09-15,,,2020-09-22 16:02:19,amauger,2020-09-22 16:02:19,amauger,
42,2012,2,2º acompanhamento de gestão e monitoramento realizado,,Relatório de Acompanhamento,Realização do 2º acompanhamento de gestão e monitoramento do projeto.,2021-02-20,,,2020-09-22 16:03:17,amauger,2020-09-22 16:03:17,amauger,
43,2012,3,Pesquisa T0 da entidade realizada,,% de empresários que responderam a pesquisa,Aplicação da pesquisa T0 para os participantes do projeto.,2020-07-15,,,2020-09-22 16:29:20,amauger,2020-09-22 16:29:20,amauger,
44,2012,3,Pesquisa TF da entidade realizada,,% de empresários que responderam a pesquisa,Aplicação da pesquisa final para os empresários do projeto.,2021-01-30,,,2020-09-22 16:31:07,amauger,2020-09-22 16:31:07,amauger,
45,2012,3,Pesquisa de satisfação das empresas participantes,,% de empresários que responderam a pesquisa,Aplicação da pesquisa de satisfação para os empresários participantes do projeto,2021-02-28,,,2020-09-22 16:33:26,amauger,2020-09-22 16:33:26,amauger,
46,2012,4,Avaliação 1 realizada,,Relatório de Acompanhamento,Realização da 1ª avaliação do projeto,2020-08-10,,,2020-09-22 16:52:52,amauger,2020-09-22 16:52:52,amauger,
47,2012,4,Avaliação 2 realizada,,Relatório de Acompanhamento,Realização da 2ª avaliação do projeto.,2021-02-15,,,2020-09-22 16:53:59,amauger,2020-09-22 16:53:59,amauger,
48,2012,4,Cadastro das empresas e participantes no Portal do Empreender,,Número de Empresas cadastradas no portal,Realização do cadastro das empresas e participantes no Portal do Empreender,2021-02-15,,,2020-09-22 16:55:02,amauger,2020-09-22 16:55:02,amauger,
49,2012,5,Preparação dos documentos e solicitação de propostas para as capacitação e consultorias,,3 propostas,Preparação dos documentos e solicitação de propostas para as capacitação e consultorias,2020-07-01,,,2020-09-22 17:12:30,amauger,2020-09-22 17:12:30,amauger,
50,2012,5,Contratação realizada e organização das capacitações,,Contrato dos prestadores de serviço,Realização da Contratação e organização das capacitações,2020-08-01,2022-02-08,at,2020-09-22 17:13:27,amauger,2020-09-22 17:13:27,amauger,
51,2012,5,Contratação realizada e organização das consultorias,,Contrato dos prestadores de serviço,Realização da Contratação e organização das consultorias,2020-08-01,,,2020-09-22 17:14:20,amauger,2020-09-22 17:14:20,amauger,
52,2012,5,Capacitações realizadas,,Relatório e lista de presença,Finalização das capacitações previstas.,2021-02-15,2022-02-08,at,2020-09-22 17:15:28,amauger,2020-09-22 17:15:28,amauger,
53,2012,5,Consultorias realizadas,,Relatório e hoja de trabalho,Finalização das consultorias individuais,2021-02-15,2022-02-08,at,2020-09-22 17:16:54,amauger,2020-09-22 17:16:54,amauger,
54,2012,6,Preparação dos documentos e solicitação de propostas para as capacitação e consultorias,,3 propostas,Preparação dos documentos e solicitação de propostas para as capacitação e consultorias,2020-07-01,,,2020-09-22 17:25:45,amauger,2020-09-22 17:25:45,amauger,
55,2012,6,Contratação realizada e organização das capacitações,,Contrato dos prestadores de serviço,Realização da Contratação e organização das capacitações,2020-08-01,,,2020-09-22 17:26:24,amauger,2020-09-22 17:26:24,amauger,
56,2012,6,Contratação realizada e organização das consultorias,,Contrato dos prestadores de serviço,Realização da Contratação e organização das consultorias,2020-08-01,,,2020-09-22 17:27:01,amauger,2020-09-22 17:27:01,amauger,
57,2012,6,Capacitações realizadas,,Relatório e lista de presença,Finalização das capacitações previstas.,2021-02-15,,,2020-09-22 17:27:39,amauger,2020-09-22 17:27:39,amauger,
58,2012,6,Consultorias realizadas,,Relatório e hoja de trabalho,Finalização das consultorias individuais previstas.,2021-02-15,,,2020-09-22 17:28:33,amauger,2020-09-22 17:28:33,amauger,
59,2012,7,Preparação dos documentos e solicitação de propostas para as capacitação e consultorias	01/07/2020	5%,,3 propostas,Preparação dos documentos e solicitação de propostas para as capacitação e consultorias	01/07/2020	5%,2020-07-01,,,2020-09-22 17:37:25,amauger,2020-09-22 17:37:25,amauger,
60,2012,7,Contratação realizada e organização das capacitações,,Contrato dos prestadores de serviço,Realização da Contratação  e organização das capacitações,2020-08-01,,,2020-09-22 17:38:00,amauger,2020-09-22 17:38:00,amauger,
61,2012,7,Contratação realizada e organização das consultorias,,Contrato dos prestadores de serviço,Realização da Contratação  e organização das consultorias,2021-08-01,,,2020-09-22 17:38:54,amauger,2020-09-22 17:38:54,amauger,
62,2012,7,Capacitações realizadas,,Relatório e lista de presença,Finalização das capacitações conforme previsto.,2021-02-15,,,2020-09-22 17:40:13,amauger,2020-09-22 17:40:13,amauger,
63,2012,7,Consultorias realizadas,,Relatório e hoja de trabalho,Finalização das consultorias individuais.,2021-02-15,,,2020-09-22 17:40:57,amauger,2020-09-22 17:40:57,amauger,
64,2012,8,Preparação dos documentos e solicitação de propostas para as capacitação e consultorias,,3 propostas,Preparação dos documentos e solicitação de propostas para as capacitação e consultorias,2020-07-01,,,2020-09-22 17:46:19,amauger,2020-09-22 17:46:19,amauger,
65,2012,8,Contratação realizada e organização das capacitações,,Contrato dos prestadores de serviço,Realização da Contratação e organização das capacitações,2020-08-01,,,2020-09-22 17:47:00,amauger,2020-09-22 17:47:00,amauger,
66,2012,8,Contratação realizada e organização das capacitações,,Contrato dos prestadores de serviço,Realização da Contratação e organização das capacitações,2020-08-01,,,2020-09-22 17:47:41,amauger,2020-09-22 17:47:41,amauger,
67,2012,8,Capacitações realizadas,,Relatório e lista de presença,Finalização das capacitações  conforme previsto na Ação.,2021-02-15,,,2020-09-22 17:48:18,amauger,2020-09-22 17:48:18,amauger,
68,2012,8,Consultorias realizadas,,Relatório e hoja de trabalho,Finalização das consultorias individuais conforme previsto na Ação.,2021-02-15,,,2020-09-22 17:49:13,amauger,2020-09-22 17:49:13,amauger,
69,2028,4,Avaliação I,33,Relatório de avaliação,Realização da primeira avaliação geral do projeto,2022-12-31,,na,2022-02-18 09:36:33,renato.rossi,2022-02-18 09:36:33,lsoares,
70,2028,1,Equipe de projeto instalada,33,Relatório da Equipe,Equipe de projeto instalada,2022-02-28,,na,2022-02-18 19:21:11,lsoares,2022-02-18 19:21:11,lsoares,
71,2028,1,Projeto registrado no SGE,34,Verificação dos registros,Projeto registrado no SGE,2022-02-28,,na,2022-02-18 19:23:03,lsoares,2022-02-18 19:23:03,lsoares,
72,2028,1,Comitê gestor instalado,33,Verificar as instalações do comitê,Comitê gestor instalado,2022-02-28,,na,2022-02-18 19:24:54,lsoares,2022-02-18 19:24:54,lsoares,
79,2028,2,1º Levantamento do andamento dos projetos realizados,16,Fazer levantamento dos projetos realizados,Levantamento do andamento dos projetos realizados,2022-12-31,,na,2022-02-18 19:46:34,lsoares,2022-02-18 19:46:34,lsoares,
80,2028,2,1ª prestação de contas (CACB) realizada,16,Prestação de Contas,Prestação de contas (CACB) realizada,2022-12-31,,na,2022-02-18 19:47:37,lsoares,2022-02-18 19:47:37,lsoares,
81,2028,2,2º Levantamento do andamento dos projetos realizados,16,Levantamento do andamento do Projeto,Levantamento do andamento dos projetos realizados,2023-12-31,,na,2022-02-18 19:48:46,lsoares,2022-02-18 19:48:46,lsoares,
82,2028,2,Gestão e monitoramento,1,Levantamento do andamento do Projeto,2º Levantamento do andamento dos projetos realizados,2023-12-31,,na,2022-02-18 19:48:47,lsoares,2022-02-18 19:48:47,lsoares,
83,2028,2,2ª Prestação de contas (CACB) realizada,16,Prestação de Contas,Prestação de contas (CACB) realizada,2023-12-31,,na,2022-02-18 19:50:59,lsoares,2022-02-18 19:50:59,lsoares,
84,2028,2,Prestação de contas final,16,Relatório da Prestação de Contas,Prestação de contas final,2024-12-31,,na,2022-02-18 19:53:00,lsoares,2022-02-18 19:53:00,lsoares,
85,2028,2,SGE atualizado,20,Verificar atualização do SGE,SGE atualizado,2024-12-31,,na,2022-02-18 19:54:23,lsoares,2022-02-18 19:54:23,lsoares,
86,2028,3,Aplicação da pesquisa em 9400 empresas participantes dos núcleos setoriais criados/apoiados,100,Fazer levantamento das pesquisas feitas,Aplicação da pesquisa em empresas participantes dos núcleos setoriais criados/apoiados,2024-12-31,,na,2022-02-21 16:17:16,lsoares,2022-02-21 16:17:16,lsoares,
87,2028,5,Seleção das entidades realizada,50,Verificar a seleção das entidades,Seleção das entidades realizada,2023-08-31,,na,2022-02-21 16:20:52,lsoares,2022-02-21 16:20:52,lsoares,
88,2028,5,Criação e atuação dos núcleos setoriais realizada,50,Levantamento da criação e atuação dos núcleos setoriais,Criação e atuação dos núcleos setoriais realizada,2024-11-30,,na,2022-02-21 16:30:24,lsoares,2022-02-21 16:30:24,lsoares,
89,2028,4,Avaliação II,33,Relatório de Avaliação,Realização da segunda avaliação do Projeto,2023-12-31,,na,2022-02-21 16:38:43,lsoares,2022-02-21 16:38:43,lsoares,
90,2028,4,Avaliação Final,34,Relatório da Avaliação Final,Realização da avaliação final do Projeto,2024-12-31,,na,2022-02-21 16:41:53,lsoares,2022-02-21 16:41:53,lsoares,
91,2028,6,Oficinas temáticas realizada,33,Relatório das oficinas temáticas,Oficinas temáticas realizada,2022-08-21,,na,2022-02-21 16:45:04,lsoares,2022-02-21 16:45:04,lsoares,
92,2028,6,Encontro presencial realizado,33,Relatório de presença no encontro,Encontro presencial realizado,2022-09-30,,na,2022-02-21 16:54:11,lsoares,2022-02-21 16:54:11,lsoares,
93,2028,6,Documento com a nova metodologia preparado e distribuído,34,Solicitação do documento com a nova metodologia,Documento com a nova metodologia preparado e distribuído,2022-10-31,,na,2022-02-21 16:57:04,lsoares,2022-02-21 16:57:04,lsoares,
94,2028,7,Curso de formação de consultores preparado,25,Relatório dos cursos de formação de consultores,Cursos,2023-02-28,,na,2022-02-21 17:14:36,lsoares,2022-02-21 17:14:36,lsoares,
95,2028,7,Curso de formação de coordenadores preparado,25,Relatório dos cursos de formação de coordenadores,Cursos,2022-05-31,,na,2022-02-21 17:16:15,lsoares,2022-02-21 17:16:15,lsoares,
96,2028,7,Formação de consultores realizada,25,Relatório de formação de consultores realizada,Formação de consultores,2023-05-31,,na,2022-02-21 17:18:32,lsoares,2022-02-21 17:18:32,lsoares,
97,2028,7,Formação de coordenadores realizada,25,Relatório de formação de consultores realizada,Cursos realizados,2022-05-31,,na,2022-02-21 17:22:37,lsoares,2022-02-21 17:22:37,lsoares,
98,2028,8,Evento nacional realizado,33,Levantamento dos eventos,Evento nacional,2024-11-30,,na,2022-02-21 17:26:29,lsoares,2022-02-21 17:26:29,lsoares,
99,2028,8,Eventos estaduais/regionais realizados,33,Levantamento dos eventos estaduais/regionais,Eventos estaduais/regionais realizados,2024-11-30,,na,2022-02-21 17:28:25,lsoares,2022-02-21 17:28:25,lsoares,
100,2028,8,Missão a Brasília realizada,1,Relatório da missão realiza em Brasília,Missão a Brasília realizada,2024-11-30,,na,2022-02-21 17:30:46,lsoares,2022-02-21 17:30:46,lsoares,
101,2028,9,Chamada de propostas divulgada,50,Relatório de divulgação das propostas,Propostas divulgada,2022-06-30,,na,2022-02-21 17:33:04,lsoares,2022-02-21 17:33:04,lsoares,
102,2028,9,Ações apoiadas,50,Levantamento das ações apoiadas,Ações apoiadas,2023-12-31,,na,2022-02-21 17:34:48,lsoares,2022-02-21 17:34:48,lsoares,
103,2028,10,Evento nacional realizado,50,Relatório dos eventos nacionais,Eventos,2022-09-30,,na,2022-02-21 17:38:37,lsoares,2022-02-21 17:38:37,lsoares,
104,2028,10,Eventos estaduais realizados,50,Levantamento dos eventos estaduais,Eventos,2022-10-31,,na,2022-02-21 17:40:34,lsoares,2022-02-21 17:40:34,lsoares,
105,2028,11,Eventos realizados,100,Levantamento dos eventos realizados,Eventos realizados,2022-12-31,,na,2022-02-21 17:42:52,lsoares,2022-02-21 17:42:52,lsoares,
106,2028,12,Nivelamento de consultores realizado,50,Relatório do nivelamento de consultores,Nivelamento de consultores,2023-02-28,,na,2022-02-21 17:45:20,lsoares,2022-02-21 17:45:20,lsoares,
107,2028,12,Planejamentos realizados,50,Relatório dos planejamentos,Planejamentos realizados,2023-06-30,,na,2022-02-21 17:47:01,lsoares,2022-02-21 17:47:01,lsoares,
108,2028,13,Evento de alinhamento realizado,100,Relatório de alinhamento do evento,Evento de alinhamento,2022-03-31,,na,2022-02-21 17:51:51,lsoares,2022-02-21 17:51:51,lsoares,
109,2028,14,Apoio de comunicação realizado,100,Levantamento de apoio das comunicações,Relatórios de divulgação,2024-12-31,,na,2022-02-21 17:55:32,lsoares,2022-02-21 17:55:32,lsoares,
110,2028,15,Atendimento aos usuários realizado,33,Relatório de atendimetos,Atendimento aos usuários realizado,2024-12-31,,na,2022-02-21 17:58:31,lsoares,2022-02-21 17:58:31,lsoares,
111,2028,15,Melhorias implementadas,33,Relatório das melhorias implementares,Relatório de melhorias,2024-12-31,,na,2022-02-21 17:59:57,lsoares,2022-02-21 17:59:57,lsoares,
112,2028,15,Atualização tecnológica realizada,34,Levantamento da atualização tecnológica,Relatório da atualização,2023-12-31,,na,2022-02-21 18:01:53,lsoares,2022-02-21 18:01:53,lsoares,
113,2029,4,Marco crítico de exemplo enquanto espera o sigeor,40,Relatório de acompanhamento,Breve descrição do marco crítico,2022-09-09,2022-08-26,at,2022-08-26 15:29:57,renato.rossi,2022-08-26 15:29:57,renato.rossi,
114,2034,1,3 Conclusão - avaliação da capacitação,15,Relatório de avaliação e conclusão,Processamento das avaliações dos participantes e análise da equipe envolvida na implementação - incluindo análise qualitativa sobre o alcance das expectativas relacionadas à capacitação e análise sobre NPS (satisfação ou fidelização de clientes) feito pelas empresas ao longo do projeto.,2023-05-31,,na,2022-10-28 15:22:46,rcarrijo,2022-10-28 15:22:46,amauger,
115,2035,1,1. Contratação da empresa prestadora de serviços,25,Contrato assinado,Seleção realizada e contrato assinado com a empresa prestadora de serviços,2023-01-31,,na,2022-11-16 17:48:08,rcarrijo,2022-11-16 17:48:08,rcarrijo,
116,2035,1,2. Realização da capacitação,60,Avaliar se o checklist para a realização de capacitações foi concluído com sucesso (parte operacional),Realizar a capacitação conforme requisitos estabelecidos - não esquecendo das avaliações dos participantes.,2023-05-15,,na,2022-11-16 17:50:38,rcarrijo,2022-11-16 17:50:38,rcarrijo,
118,2035,2,1. Contratação da empresa prestadora de serviços,35,Contrato assinado,Seleção e contratação da empresa prestadora de serviços,2023-03-31,,na,2022-11-18 16:58:52,rcarrijo,2022-11-18 16:58:52,rcarrijo,
119,2035,2,2. Realização das consultorias,50,Relatório de consultoria,Realização das consultorias,2023-07-15,,na,2022-11-18 16:59:38,rcarrijo,2022-11-18 16:59:38,rcarrijo,
120,2035,2,3. Conclusão - avaliação da ação,15,Relatório de avaliação e conclusão,Conclusão - avaliação da ação,2023-07-31,,na,2022-11-18 17:00:25,rcarrijo,2022-11-18 17:00:25,rcarrijo,
121,2035,3,1. Contratação da empresa prestadora de serviços,35,Contrato assinado,Seleção e contratação da empresa prestadora de serviços,2023-01-31,,na,2022-11-18 17:03:22,rcarrijo,2022-11-18 17:03:22,rcarrijo,
122,2035,3,2. Realização das consultorias,50,Relatório de consultoria,Realização das consultorias,2023-11-30,,na,2022-11-18 17:04:08,rcarrijo,2022-11-18 17:04:08,rcarrijo,
123,2035,3,3. Conclusão - avaliação da ação,15,Relatório de avaliação e conclusão,Conclusão - avaliação da ação,2023-12-15,,na,2022-11-18 17:04:44,rcarrijo,2022-11-18 17:04:44,rcarrijo,
124,2035,4,1. Contratação da empresa prestadora de serviços,35,Contrato assinado,Seleção e contratação da empresa prestadora de serviços,2023-03-31,,na,2022-11-18 17:06:39,rcarrijo,2022-11-18 17:06:39,rcarrijo,
125,2035,4,2. Realização das consultorias,50,Relatório de consultoria,Realização das consultorias,2023-11-30,,na,2022-11-18 17:07:02,rcarrijo,2022-11-18 17:07:02,rcarrijo,
126,2035,4,3. Conclusão - avaliação da ação,15,Relatório de avaliação e conclusão,Conclusão - avaliação da ação,2023-12-15,,na,2022-11-18 17:07:24,rcarrijo,2022-11-18 17:07:24,rcarrijo,
128,2035,5,2. Avaliação final do projeto,50,Relatório de avaliação,Avaliação final do projeto,2023-12-31,,na,2022-11-18 17:15:07,rcarrijo,2022-11-18 17:15:07,rcarrijo,
129,2037,1,1. Contratação da empresa prestadora de serviços,25,Contrato assinado,Seleção realizada e contrato assinado com a empresa prestadora de serviços,2023-02-28,,na,2022-11-23 10:54:55,gabriel.g,2022-11-23 10:54:55,rcarrijo,
130,2037,1,2. Realização da consultoria,60,Avaliar se o checklist para a realização de consultorias foi concluído com sucesso (parte operacional),Realizar a consultoria conforme requisitos estabelecidos - não esquecendo das avaliações dos participantes.,2023-08-15,,na,2022-11-23 10:55:42,gabriel.g,2022-11-23 10:55:42,rcarrijo,
131,2037,1,3. Conclusão - avaliação da consultoria,15,Relatório de avaliação e conclusão,Processamento das avaliações dos participantes e análise da equipe envolvida na implementação - incluindo análise qualitativa sobre o alcance das expectativas relacionadas à consultoria,2023-08-31,,na,2022-11-23 10:56:26,gabriel.g,2022-11-23 10:56:26,rcarrijo,
132,2037,2,1. Contratação da empresa prestadora de serviços,25,Contrato assinado,Seleção realizada e contrato assinado com a empresa prestadora de serviços,2023-02-28,,na,2022-11-23 10:59:14,gabriel.g,2022-11-23 10:59:14,rcarrijo,
133,2037,2,2. Realização da capacitação,60,Avaliar se o checklist para a realização de capacitações foi concluído com sucesso (parte operacional),Realizar a capacitação conforme requisitos estabelecidos - não esquecendo das avaliações dos participantes.,2023-05-15,,na,2022-11-23 11:00:08,gabriel.g,2022-11-23 11:00:08,rcarrijo,
134,2037,2,3. Conclusão - avaliação da capacitação,15,Relatório de avaliação e conclusão,Processamento das avaliações dos participantes e análise da equipe envolvida na implementação - incluindo análise qualitativa sobre o alcance das expectativas relacionadas à capacitação,2023-05-31,,na,2022-11-23 11:00:49,gabriel.g,2022-11-23 11:00:49,rcarrijo,
135,2037,3,1. Contratação da empresa prestadora de serviços,25,Contrato assinado,Seleção realizada e contrato assinado com a empresa prestadora de serviços,2023-05-31,,na,2022-11-23 11:04:51,gabriel.g,2022-11-23 11:04:51,rcarrijo,
136,2037,3,2. Realização do curso,60,Avaliar se o checklist para a realização de cursos foi concluído com sucesso (parte operacional),Realizar o curso conforme requisitos estabelecidos - não esquecendo das avaliações dos participantes.,2023-08-15,,na,2022-11-23 11:05:36,gabriel.g,2022-11-23 11:05:36,rcarrijo,
137,2037,3,3. Conclusão - avaliação do curso,15,Relatório de avaliação e conclusão,Processamento das avaliações dos participantes e análise da equipe envolvida na implementação - incluindo análise qualitativa sobre o alcance das expectativas relacionadas ao curso,2023-08-31,,na,2022-11-23 11:06:38,gabriel.g,2022-11-23 11:06:38,rcarrijo,
139,2037,4,2. Avaliação final do projeto,50,Relatório de avaliação,Avaliação final do projeto,2023-12-31,,na,2022-11-23 11:08:38,gabriel.g,2022-11-23 11:08:38,rcarrijo,
141,2036,5,2. Avaliação final do projeto,50,Relatório de avaliação,Avaliação final do projeto,2023-12-31,,na,2022-11-23 11:23:10,gabriel.g,2022-11-23 11:23:10,rcarrijo,
142,2036,4,3. Conclusão - avaliação do treinamento,15,Relatório de avaliação e conclusão,Processamento das avaliações dos participantes e análise da equipe envolvida na implementação - incluindo análise qualitativa sobre o alcance das expectativas relacionadas ao treinamento,2023-07-31,,na,2022-11-23 11:27:08,gabriel.g,2022-11-23 11:27:08,rcarrijo,
143,2036,4,1. Contratação da empresa prestadora de serviços,25,Contrato assinado,Seleção realizada e contrato assinado com a empresa prestadora de serviços,2023-05-31,,na,2022-11-23 11:27:34,gabriel.g,2022-11-23 11:27:34,rcarrijo,
144,2036,4,2. Realização do treinamento,60,Avaliar se o checklist para a realização de treinamentos foi concluído com sucesso (parte operacional),Realizar o treinamento conforme requisitos estabelecidos - não esquecendo das avaliações dos participantes.,2023-07-15,,na,2022-11-23 11:28:31,gabriel.g,2022-11-23 11:28:31,rcarrijo,
145,2036,3,3. Conclusão - avaliação da mentoria,15,Relatório de avaliação e conclusão,Processamento das avaliações dos participantes e análise da equipe envolvida na implementação - incluindo análise qualitativa sobre o alcance das expectativas relacionadas à mentoria,2023-04-30,,na,2022-11-23 11:43:08,gabriel.g,2022-11-23 11:43:08,rcarrijo,
146,2036,3,1. Contratação da empresa prestadora de serviços,25,Contrato assinado,Seleção realizada e contrato assinado com a empresa prestadora de serviços,2023-02-28,,na,2022-11-23 11:43:54,gabriel.g,2022-11-23 11:43:54,rcarrijo,
147,2036,3,2. Realização da mentoria,60,Avaliar se o checklist para a realização de mentorias foi concluído com sucesso (parte operacional),Realizar a mentoria conforme requisitos estabelecidos - não esquecendo das avaliações dos participantes.,2023-04-15,,na,2022-11-23 11:44:45,gabriel.g,2022-11-23 11:44:45,rcarrijo,
148,2036,1,3. Conclusão - avaliação,15,Relatório de avaliação e conclusão,Processamento das avaliações dos participantes e análise da equipe envolvida na implementação - incluindo análise qualitativa sobre o alcance das expectativas relacionadas ao treinamento,2023-11-30,,na,2022-11-23 11:55:22,gabriel.g,2022-11-23 11:55:22,rcarrijo,
149,2036,1,1. Contratação da empresa prestadora de serviços,25,Contrato assinado,Seleção realizada e contrato assinado com a empresa prestadora de serviços,2023-10-01,,na,2022-11-23 11:56:12,gabriel.g,2022-11-23 11:56:12,rcarrijo,
150,2036,1,2. Realização do treinamento,60,Avaliar se o checklist para a realização de treinamentos foi concluído com sucesso (parte operacional),Realizar o treinamento conforme requisitos estabelecidos - não esquecendo das avaliações dos participantes.,2023-11-15,,na,2022-11-23 12:00:45,gabriel.g,2022-11-23 12:00:45,rcarrijo,
151,2036,2,3. Conclusão - avaliação da visita a feira,15,Relatório de avaliação e conclusão,Processamento das avaliações dos participantes e análise da equipe envolvida na implementação - incluindo análise qualitativa sobre o alcance das expectativas relacionadas à visita a Mega Artesanal,2023-08-15,,na,2022-11-23 14:04:59,gabriel.g,2022-11-23 14:04:59,rcarrijo,
152,2036,2,2. Visitação a feira,60,Avaliar se o checklist para a visitação a feira foi concluído com sucesso (parte operacional),Realizar a visitação a feira conforme requisitos estabelecidos - não esquecendo das avaliações dos participantes.,2023-07-28,,na,2022-11-23 14:07:08,gabriel.g,2022-11-23 14:07:08,rcarrijo,
153,2036,2,1. Organização da logística,25,"Ingressos da feira, passagens aéreas e hospedagem","Pesquisa, definição e compra de ingressos da feira, passagens aéreas ou deslocamento terrestre e hospedagem",2023-07-01,,na,2022-11-23 14:10:10,gabriel.g,2022-11-23 14:10:10,rcarrijo,
154,2034,1,1 Contratação da empresa prestadora de serviços,25,Contrato assinado,Seleção realizada e contrato assinado com a empresa prestadora de serviços,2023-01-15,,na,2022-11-23 20:38:22,gabriel.g,2022-11-23 20:38:22,rcarrijo,
155,2034,1,2 Realização da capacitação,60,Avaliar se o checklist para a realização de capacitações foi concluído com sucesso (parte operacional),Realizar a capacitação conforme requisitos estabelecidos - não esquecendo das avaliações dos participantes.,2023-05-15,,na,2022-11-23 20:39:02,gabriel.g,2022-11-23 20:39:02,amauger,
156,2034,2,2 Realização da consultoria,60,Avaliar se o checklist para a realização de consultorias foi concluído com sucesso (parte operacional),Realizar a consultoria conforme requisitos estabelecidos - não esquecendo das avaliações dos participantes.,2023-05-15,,na,2022-11-23 20:39:49,gabriel.g,2022-11-23 20:39:49,rcarrijo,
157,2034,2,3 Conclusão - avaliação da consultoria,15,Relatório de avaliação e conclusão,Processamento das avaliações dos participantes e análise da equipe envolvida na implementação - incluindo análise qualitativa sobre o alcance das expectativas relacionadas à consultoria,2023-05-31,,na,2022-11-23 20:40:13,gabriel.g,2022-11-23 20:40:13,rcarrijo,
158,2034,2,1 Contratação da empresa prestadora de serviços,25,Contrato assinado,Seleção realizada e contrato assinado com a empresa prestadora de serviços,2023-02-28,,na,2022-11-23 20:40:41,gabriel.g,2022-11-23 20:40:41,rcarrijo,
160,2034,3,1 Avaliação final do projeto,100,Relatório de avaliação,Avaliação final do projeto - serve para avaliar se o projeto se desenvolve conforme planejamento,2023-06-30,,na,2022-11-23 20:49:04,gabriel.g,2022-11-23 20:49:04,amauger,
161,2038,1,3. Conclusão - avaliação da capacitação,15,Relatório de avaliação e conclusão,Processamento das avaliações dos participantes e análise da equipe envolvida na implementação - incluindo análise qualitativa sobre o alcance das expectativas relacionadas à capacitação,2023-06-30,,na,2022-11-25 09:26:05,gabriel.g,2022-11-25 09:26:05,gabriel.g,
162,2038,1,1. Contratação da empresa prestadora de serviços,25,Contrato assinado,Seleção realizada e contrato assinado com a empresa prestadora de serviços,2023-03-01,,na,2022-11-25 09:26:29,gabriel.g,2022-11-25 09:26:29,gabriel.g,
163,2038,1,2. Realização da capacitação,60,Avaliar se o checklist para a realização de capacitações foi concluído com sucesso (parte operacional),Realizar a capacitação conforme requisitos estabelecidos - não esquecendo das avaliações dos participantes.,2023-06-15,,na,2022-11-25 09:26:56,gabriel.g,2022-11-25 09:26:56,gabriel.g,
164,2038,2,2. Realização da capacitação,60,Avaliar se o checklist para a realização de capacitações foi concluído com sucesso (parte operacional),Realizar a capacitação conforme requisitos estabelecidos - não esquecendo das avaliações dos participantes.,2023-12-31,,na,2022-11-25 09:28:46,gabriel.g,2022-11-25 09:28:46,gabriel.g,
165,2038,2,1. Contratação da empresa prestadora de serviços,25,Contrato assinado,Seleção realizada e contrato assinado com a empresa prestadora de serviços,2023-03-31,,na,2022-11-25 09:29:10,gabriel.g,2022-11-25 09:29:10,gabriel.g,
166,2038,2,3. Conclusão - avaliação da capacitação,15,Relatório de avaliação e conclusão,Processamento das avaliações dos participantes e análise da equipe envolvida na implementação - incluindo análise qualitativa sobre o alcance das expectativas relacionadas à capacitação,2024-01-15,,na,2022-11-25 09:29:33,gabriel.g,2022-11-25 09:29:33,gabriel.g,
167,2038,3,3. Conclusão - avaliação da capacitação,15,Relatório de avaliação e conclusão,Processamento das avaliações dos participantes e análise da equipe envolvida na implementação - incluindo análise qualitativa sobre o alcance das expectativas relacionadas à capacitação,2023-09-30,,na,2022-11-25 09:33:36,gabriel.g,2022-11-25 09:33:36,gabriel.g,
168,2038,3,1. Contratação da empresa prestadora de serviços,25,Contrato assinado,Seleção realizada e contrato assinado com a empresa prestadora de serviços,2023-04-30,,na,2022-11-25 09:33:58,gabriel.g,2022-11-25 09:33:58,gabriel.g,
169,2038,3,2. Realização da capacitação,60,Avaliar se o checklist para a realização de capacitações foi concluído com sucesso (parte operacional),Realizar a capacitação conforme requisitos estabelecidos - não esquecendo das avaliações dos participantes.,2023-09-15,,na,2022-11-25 09:34:24,gabriel.g,2022-11-25 09:34:24,gabriel.g,
170,2038,4,2. Realização da capacitação,60,Avaliar se o checklist para a realização de capacitações foi concluído com sucesso (parte operacional),Realizar a capacitação conforme requisitos estabelecidos - não esquecendo das avaliações dos participantes.,2023-08-15,,na,2022-11-25 09:37:25,gabriel.g,2022-11-25 09:37:25,gabriel.g,
171,2038,4,3. Conclusão - avaliação da capacitação,15,Relatório de avaliação e conclusão,Processamento das avaliações dos participantes e análise da equipe envolvida na implementação - incluindo análise qualitativa sobre o alcance das expectativas relacionadas à capacitação,2023-08-31,,na,2022-11-25 09:38:01,gabriel.g,2022-11-25 09:38:01,gabriel.g,
172,2038,4,1. Contratação da empresa prestadora de serviços,25,Contrato assinado,Seleção realizada e contrato assinado com a empresa prestadora de serviços,2023-03-31,,na,2022-11-25 09:38:32,gabriel.g,2022-11-25 09:38:32,gabriel.g,
173,2038,5,1. Contratação da empresa prestadora de serviços,25,Contrato assinado,Seleção realizada e contrato assinado com a empresa prestadora de serviços,2023-05-31,,na,2022-11-25 09:41:42,gabriel.g,2022-11-25 09:41:42,gabriel.g,
174,2038,5,2. Realização da capacitação,60,Avaliar se o checklist para a realização de capacitações foi concluído com sucesso (parte operacional),Realizar a capacitação conforme requisitos estabelecidos - não esquecendo das avaliações dos participantes.,2023-11-15,,na,2022-11-25 09:42:01,gabriel.g,2022-11-25 09:42:01,gabriel.g,
175,2038,5,3. Conclusão - avaliação da capacitação,15,Relatório de avaliação e conclusão,Processamento das avaliações dos participantes e análise da equipe envolvida na implementação - incluindo análise qualitativa sobre o alcance das expectativas relacionadas à capacitação,2023-11-30,,na,2022-11-25 09:42:21,gabriel.g,2022-11-25 09:42:21,gabriel.g,
176,2038,6,1. Contratação da empresa prestadora de serviços,25,Contrato assinado,Seleção realizada e contrato assinado com a empresa prestadora de serviços,2023-06-30,,na,2022-11-25 09:52:49,gabriel.g,2022-11-25 09:52:49,gabriel.g,
177,2038,6,2. Realização da capacitação,60,Avaliar se o checklist para a realização de capacitações foi concluído com sucesso (parte operacional),Realizar a capacitação conforme requisitos estabelecidos - não esquecendo das avaliações dos participantes.,2023-10-15,,na,2022-11-25 09:53:11,gabriel.g,2022-11-25 09:53:11,gabriel.g,
178,2038,6,3. Conclusão - avaliação da capacitação,15,Relatório de avaliação e conclusão,Processamento das avaliações dos participantes e análise da equipe envolvida na implementação - incluindo análise qualitativa sobre o alcance das expectativas relacionadas à capacitação,2023-10-31,,na,2022-11-25 09:53:31,gabriel.g,2022-11-25 09:53:31,gabriel.g,
179,2038,7,1. Organização da logística,25,"Ingressos da feira, passagens aéreas e hospedagem","Pesquisa, definição e compra/aluguel de ingressos da feira, passagens aéreas e hospedagem",2023-08-31,,na,2022-11-25 09:58:28,gabriel.g,2022-11-25 09:58:28,gabriel.g,
180,2038,7,2. Visitação a feira,60,Avaliar se o checklist para a visitação a feira foi concluído com sucesso (parte operacional),Realizar a visitação a feira conforme requisitos estabelecidos - não esquecendo das avaliações dos participantes.,2023-09-09,,na,2022-11-25 09:58:49,gabriel.g,2022-11-25 09:58:49,gabriel.g,
181,2038,7,3. Conclusão - avaliação da visita a feira,15,Relatório de avaliação e conclusão,Processamento das avaliações dos participantes e análise da equipe envolvida na implementação - incluindo análise qualitativa sobre o alcance das expectativas relacionadas à visita a feira,2023-10-31,,na,2022-11-25 09:59:07,gabriel.g,2022-11-25 09:59:07,gabriel.g,
182,2038,8,2. Avaliação final do projeto,50,Relatório de avaliação,Avaliação final do projeto,2024-01-31,,na,2022-11-25 10:08:28,gabriel.g,2022-11-25 10:08:28,gabriel.g,
184,2039,1,1. Contratação da empresa prestadora de serviços,25,Contrato assinado,Seleção realizada e contrato assinado com a empresa prestadora de serviços,2023-03-01,,na,2022-11-25 10:40:56,gabriel.g,2022-11-25 10:40:56,gabriel.g,
185,2039,1,2. Realização da consultoria,60,Avaliar se o checklist para a realização de capacitações foi concluído com sucesso (parte operacional),Realizar a consultoria conforme requisitos estabelecidos - não esquecendo das avaliações dos participantes.,2023-10-15,,na,2022-11-25 10:41:28,gabriel.g,2022-11-25 10:41:28,gabriel.g,
186,2039,1,3. Conclusão - avaliação da consultoria,15,Relatório de avaliação e conclusão,Processamento das avaliações dos participantes e análise da equipe envolvida na implementação - incluindo análise qualitativa sobre o alcance das expectativas relacionadas à consultoria,2023-10-31,,na,2022-11-25 10:41:58,gabriel.g,2022-11-25 10:41:58,gabriel.g,
187,2039,2,1 Organização da logística,25,"Ingressos do evento, passagens aéreas e hospedagem","Pesquisa, definição e compra/aluguel de ingressos do evento, passagens aéreas e hospedagem",2023-03-31,,na,2022-11-25 10:57:13,gabriel.g,2022-11-25 10:57:13,gabriel.g,
188,2039,2,3 Conclusão - avaliação da visita ao evento,15,Relatório de avaliação e conclusão,Processamento das avaliações dos participantes e análise da equipe envolvida na implementação - incluindo análise qualitativa sobre o alcance das expectativas relacionadas à visita ao evento,2023-05-31,,na,2022-11-25 10:58:38,gabriel.g,2022-11-25 10:58:38,gabriel.g,
189,2039,2,2 Visitação ao evento,60,Avaliar se o checklist para a visitação ao evento foi concluído com sucesso (parte operacional),Realizar a visitação ao evento conforme requisitos estabelecidos - não esquecendo das avaliações dos participantes e evidencias fotográficas.,2023-04-14,,na,2022-11-25 11:00:53,gabriel.g,2022-11-25 11:00:53,gabriel.g,
190,2039,3,1. Contratação da empresa prestadora de serviços,25,Contrato assinado,Seleção realizada e contrato assinado com a empresa prestadora de serviços,2023-05-31,,na,2022-11-25 12:01:37,gabriel.g,2022-11-25 12:01:37,gabriel.g,
191,2039,3,2. Realização da capacitação,60,Avaliar se o checklist para a realização de capacitações foi concluído com sucesso (parte operacional),Realizar a capacitação conforme requisitos estabelecidos - não esquecendo das avaliações dos participantes.,2023-10-15,,na,2022-11-25 12:02:01,gabriel.g,2022-11-25 12:02:01,gabriel.g,
192,2039,3,3. Conclusão - avaliação da capacitação,15,Relatório de avaliação e conclusão,Processamento das avaliações dos participantes e análise da equipe envolvida na implementação - incluindo análise qualitativa sobre o alcance das expectativas relacionadas à capacitação,2023-10-31,,na,2022-11-25 12:02:23,gabriel.g,2022-11-25 12:02:23,gabriel.g,
193,2039,4,1. Contratação da empresa prestadora de serviços,25,Contrato assinado,Seleção realizada e contrato assinado com a empresa prestadora de serviços,2023-07-31,,na,2022-11-25 14:30:11,gabriel.g,2022-11-25 14:30:11,gabriel.g,
194,2039,4,2. Realização da capacitação,60,Avaliar se o checklist para a realização de capacitações foi concluído com sucesso (parte operacional),Realizar a capacitação conforme requisitos estabelecidos - não esquecendo das avaliações dos participantes.,2023-12-15,,na,2022-11-25 14:30:34,gabriel.g,2022-11-25 14:30:34,gabriel.g,
195,2039,4,3. Conclusão - avaliação da capacitação,15,Relatório de avaliação e conclusão,Processamento das avaliações dos participantes e análise da equipe envolvida na implementação - incluindo análise qualitativa sobre o alcance das expectativas relacionadas à capacitação,2023-12-31,,na,2022-11-25 14:30:54,gabriel.g,2022-11-25 14:30:54,gabriel.g,
196,2039,6,1. Contratação da empresa prestadora de serviços,25,Contrato assinado,Seleção realizada e contrato assinado com a empresa prestadora de serviços,2023-06-30,,na,2022-11-25 14:31:34,gabriel.g,2022-11-25 14:31:34,gabriel.g,
197,2039,6,2. Realização da capacitação,60,Avaliar se o checklist para a realização de capacitações foi concluído com sucesso (parte operacional),Realizar a capacitação conforme requisitos estabelecidos - não esquecendo das avaliações dos participantes.,2023-10-15,,na,2022-11-25 14:31:54,gabriel.g,2022-11-25 14:31:54,gabriel.g,
198,2039,6,3. Conclusão - avaliação da capacitação,15,Relatório de avaliação e conclusão,Processamento das avaliações dos participantes e análise da equipe envolvida na implementação - incluindo análise qualitativa sobre o alcance das expectativas relacionadas à capacitação,2023-10-31,,na,2022-11-25 14:32:14,gabriel.g,2022-11-25 14:32:14,gabriel.g,
199,2039,7,1. Contratação da empresa prestadora de serviços,25,Contrato assinado,Seleção realizada e contrato assinado com a empresa prestadora de serviços,2023-04-30,,na,2022-11-25 14:32:44,gabriel.g,2022-11-25 14:32:44,gabriel.g,
200,2039,7,2. Realização da capacitação,60,Avaliar se o checklist para a realização de capacitações foi concluído com sucesso (parte operacional),Realizar a capacitação conforme requisitos estabelecidos - não esquecendo das avaliações dos participantes.,2023-10-15,,na,2022-11-25 14:33:03,gabriel.g,2022-11-25 14:33:03,gabriel.g,
201,2039,7,3. Conclusão - avaliação da capacitação,15,Relatório de avaliação e conclusão,Processamento das avaliações dos participantes e análise da equipe envolvida na implementação - incluindo análise qualitativa sobre o alcance das expectativas relacionadas à capacitação,2023-10-31,,na,2022-11-25 14:33:21,gabriel.g,2022-11-25 14:33:21,gabriel.g,
205,2039,5,1. Compra dos cursos da plataforma,25,Nota fiscal,Compra dos cursos da plataforma com a nota fiscal e e-mail com as instruções de acesso.,2023-02-28,,na,2022-11-25 14:43:56,gabriel.g,2022-11-25 14:43:56,gabriel.g,
206,2039,5,2. Realização da capacitação,60,Avaliar se o checklist para a realização de capacitações foi concluído com sucesso (parte operacional),Realizar a capacitação conforme requisitos estabelecidos - não esquecendo das avaliações dos participantes.,2023-12-31,,na,2022-11-25 14:45:05,gabriel.g,2022-11-25 14:45:05,gabriel.g,
207,2039,5,3. Conclusão - avaliação da capacitação,15,Relatório de avaliação e conclusão,Processamento das avaliações dos participantes e análise da equipe envolvida na implementação - incluindo análise qualitativa sobre o alcance das expectativas relacionadas à capacitação,2024-01-15,,na,2022-11-25 14:45:34,gabriel.g,2022-11-25 14:45:34,gabriel.g,
208,2039,8,2. Avaliação final do projeto,100,Relatório de avaliação,Avaliação final do projeto,2024-01-31,,na,2022-11-25 14:49:49,gabriel.g,2022-11-25 14:49:49,gabriel.g,
210,2040,10,2. Avaliação final do projeto,50,Relatório de avaliação,Avaliação final do projeto,2024-01-31,,na,2022-11-25 15:33:46,gabriel.g,2022-11-25 15:33:46,gabriel.g,
212,2040,9,1. Contratação da empresa prestadora de serviços,25,Contrato assinado,Seleção realizada e contrato assinado com a empresa prestadora de serviços,2023-07-31,,na,2022-11-25 15:35:15,gabriel.g,2022-11-25 15:35:15,gabriel.g,
213,2040,9,2. Realização da capacitação,60,Avaliar se o checklist para a realização de capacitações foi concluído com sucesso (parte operacional),Realizar a capacitação conforme requisitos estabelecidos - não esquecendo das avaliações dos participantes.,2023-12-15,,na,2022-11-25 15:35:35,gabriel.g,2022-11-25 15:35:35,gabriel.g,
214,2040,9,3. Conclusão - avaliação da capacitação,15,Relatório de avaliação e conclusão,Processamento das avaliações dos participantes e análise da equipe envolvida na implementação - incluindo análise qualitativa sobre o alcance das expectativas relacionadas à capacitação,2023-12-31,,na,2022-11-25 15:35:57,gabriel.g,2022-11-25 15:35:57,gabriel.g,
215,2040,8,1. Contratação da empresa prestadora de serviços,25,Contrato assinado,Seleção realizada e contrato assinado com a empresa prestadora de serviços,2023-03-01,,na,2022-11-25 15:36:22,gabriel.g,2022-11-25 15:36:22,gabriel.g,
216,2040,8,2. Realização da capacitação,60,Avaliar se o checklist para a realização de capacitações foi concluído com sucesso (parte operacional),Realizar a capacitação conforme requisitos estabelecidos - não esquecendo das avaliações dos participantes.,2023-12-15,,na,2022-11-25 15:36:40,gabriel.g,2022-11-25 15:36:40,gabriel.g,
217,2040,8,3. Conclusão - avaliação da capacitação,15,Relatório de avaliação e conclusão,Processamento das avaliações dos participantes e análise da equipe envolvida na implementação - incluindo análise qualitativa sobre o alcance das expectativas relacionadas à capacitação,2023-12-31,,na,2022-11-25 15:36:59,gabriel.g,2022-11-25 15:36:59,gabriel.g,
218,2040,7,3. Conclusão - avaliação da capacitação,15,Relatório de avaliação e conclusão,Processamento das avaliações dos participantes e análise da equipe envolvida na implementação - incluindo análise qualitativa sobre o alcance das expectativas relacionadas à capacitação,2023-10-31,,na,2022-11-25 15:37:36,gabriel.g,2022-11-25 15:37:36,gabriel.g,
219,2040,7,2. Realização da capacitação,60,Avaliar se o checklist para a realização de capacitações foi concluído com sucesso (parte operacional),Realizar a capacitação conforme requisitos estabelecidos - não esquecendo das avaliações dos participantes.,2023-10-15,,na,2022-11-25 15:37:55,gabriel.g,2022-11-25 15:37:55,gabriel.g,
220,2040,7,1. Contratação da empresa prestadora de serviços,25,Contrato assinado,Seleção realizada e contrato assinado com a empresa prestadora de serviços,2023-03-01,,na,2022-11-25 15:38:13,gabriel.g,2022-11-25 15:38:13,gabriel.g,
221,2040,6,1. Contratação da empresa prestadora de serviços,25,Contrato assinado,Seleção realizada e contrato assinado com a empresa prestadora de serviços,2023-03-01,,na,2022-11-25 15:38:44,gabriel.g,2022-11-25 15:38:44,gabriel.g,
222,2040,6,2. Realização da capacitação,60,Avaliar se o checklist para a realização de capacitações foi concluído com sucesso (parte operacional),Realizar a capacitação conforme requisitos estabelecidos - não esquecendo das avaliações dos participantes.,2023-07-15,,na,2022-11-25 15:39:01,gabriel.g,2022-11-25 15:39:01,gabriel.g,
223,2040,6,3. Conclusão - avaliação da capacitação,15,Relatório de avaliação e conclusão,Processamento das avaliações dos participantes e análise da equipe envolvida na implementação - incluindo análise qualitativa sobre o alcance das expectativas relacionadas à capacitação,2023-07-31,,na,2022-11-25 15:39:19,gabriel.g,2022-11-25 15:39:19,gabriel.g,
224,2040,5,3. Conclusão - avaliação da capacitação,15,Relatório de avaliação e conclusão,Processamento das avaliações dos participantes e análise da equipe envolvida na implementação - incluindo análise qualitativa sobre o alcance das expectativas relacionadas à capacitação,2023-09-30,,na,2022-11-25 15:39:49,gabriel.g,2022-11-25 15:39:49,gabriel.g,
225,2040,5,2. Realização da capacitação,60,Avaliar se o checklist para a realização de capacitações foi concluído com sucesso (parte operacional),Realizar a capacitação conforme requisitos estabelecidos - não esquecendo das avaliações dos participantes.,2023-09-15,,na,2022-11-25 15:40:07,gabriel.g,2022-11-25 15:40:07,gabriel.g,
226,2040,5,1. Contratação da empresa prestadora de serviços,25,Contrato assinado,Seleção realizada e contrato assinado com a empresa prestadora de serviços,2023-04-30,,na,2022-11-25 15:40:22,gabriel.g,2022-11-25 15:40:22,gabriel.g,
227,2040,4,1. Contratação da empresa prestadora de serviços,25,Contrato assinado,Seleção realizada e contrato assinado com a empresa prestadora de serviços,2023-06-30,,na,2022-11-25 15:41:18,gabriel.g,2022-11-25 15:41:18,gabriel.g,
228,2040,4,2. Realização da mentoria,60,Avaliar se o checklist para a realização de mentorias foi concluído com sucesso (parte operacional),Realizar a mentoria conforme requisitos estabelecidos - não esquecendo das avaliações dos participantes.,2023-11-15,,na,2022-11-25 15:41:56,gabriel.g,2022-11-25 15:41:56,gabriel.g,
229,2040,4,3. Conclusão - avaliação da mentoria,15,Relatório de avaliação e conclusão,Processamento das avaliações dos participantes e análise da equipe envolvida na implementação - incluindo análise qualitativa sobre o alcance das expectativas relacionadas à mentoria,2023-11-30,,na,2022-11-25 15:42:30,gabriel.g,2022-11-25 15:42:30,gabriel.g,
230,2040,3,3. Conclusão - avaliação da mentoria,15,Relatório de avaliação e conclusão,Processamento das avaliações dos participantes e análise da equipe envolvida na implementação - incluindo análise qualitativa sobre o alcance das expectativas relacionadas à mentoria,2023-10-31,,na,2022-11-25 15:43:06,gabriel.g,2022-11-25 15:43:06,gabriel.g,
231,2040,3,2. Realização da mentoria,60,Avaliar se o checklist para a realização de mentorias foi concluído com sucesso (parte operacional),Realizar a mentoria conforme requisitos estabelecidos - não esquecendo das avaliações dos participantes.,2023-10-15,,na,2022-11-25 15:43:37,gabriel.g,2022-11-25 15:43:37,gabriel.g,
232,2040,3,1. Contratação da empresa prestadora de serviços,25,Contrato assinado,Seleção realizada e contrato assinado com a empresa prestadora de serviços,2023-05-31,,na,2022-11-25 15:43:58,gabriel.g,2022-11-25 15:43:58,gabriel.g,
233,2040,2,2. Visitação ao evento,60,Avaliar se o checklist para a visitação ao evento foi concluído com sucesso (parte operacional),Realizar a visitação ao evento conforme requisitos estabelecidos - não esquecendo das avaliações dos participantes e evidencias fotográficas.,2023-04-14,,na,2022-11-25 15:46:16,gabriel.g,2022-11-25 15:46:16,gabriel.g,
234,2040,2,3. Conclusão - avaliação da visita ao evento,15,Relatório de avaliação e conclusão,Processamento das avaliações dos participantes e análise da equipe envolvida na implementação - incluindo análise qualitativa sobre o alcance das expectativas relacionadas à visita ao evento,2023-05-31,,na,2022-11-25 15:48:33,gabriel.g,2022-11-25 15:48:33,gabriel.g,
235,2040,2,1. Organização da logística,25,"Ingressos do evento, passagens aéreas e hospedagem","Pesquisa, definição e compra/aluguel de ingressos do evento, passagens aéreas e hospedagem",2023-03-31,,na,2022-11-25 15:48:54,gabriel.g,2022-11-25 15:48:54,gabriel.g,
236,2040,1,1. Organização da logística,25,"Ingressos do evento, passagens aéreas e hospedagem","Pesquisa, definição e compra/aluguel de ingressos do evento, passagens aéreas e hospedagem",2023-09-30,,na,2022-11-25 15:49:22,gabriel.g,2022-11-25 15:49:22,gabriel.g,
237,2040,1,3. Conclusão - avaliação da visita ao evento,15,Relatório de avaliação e conclusão,Processamento das avaliações dos participantes e análise da equipe envolvida na implementação - incluindo análise qualitativa sobre o alcance das expectativas relacionadas à visita ao evento,2023-12-31,,na,2022-11-25 15:49:44,gabriel.g,2022-11-25 15:49:44,gabriel.g,
238,2040,1,2. Visitação ao evento,60,Avaliar se o checklist para a visitação ao evento foi concluído com sucesso (parte operacional),Realizar a visitação ao evento conforme requisitos estabelecidos - não esquecendo das avaliações dos participantes e evidencias fotográficas.,2023-11-10,,na,2022-11-25 15:50:07,gabriel.g,2022-11-25 15:50:07,gabriel.g,
239,2041,1,1 Contratação da empresa prestadora de serviços,25,Contrato assinado,Seleção realizada e contrato assinado com a empresa prestadora de serviços,2023-03-15,,na,2023-01-04 14:32:48,gabriel.g,2023-01-04 14:32:48,gabriel.g,
240,2041,1,2 Realização da capacitação,60,Avaliar se o checklist para a realização de capacitações foi concluído com sucesso (parte operacional),Realizar a capacitação conforme requisitos estabelecidos - não esquecendo das avaliações dos participantes.,2023-07-31,,na,2023-01-04 14:33:18,gabriel.g,2023-01-04 14:33:18,gabriel.g,
241,2041,1,3 Conclusão - avaliação da capacitação,15,Relatório de avaliação e conclusão,Processamento das avaliações dos participantes e análise da equipe envolvida na implementação - incluindo análise qualitativa sobre o alcance das expectativas relacionadas à capacitação e análise sobre NPS (satisfação ou fidelização de clientes) feito pelas empresas ao longo do projeto.,2023-08-15,,na,2023-01-04 14:34:30,gabriel.g,2023-01-04 14:34:30,gabriel.g,
242,2041,2,1 Avaliação final do projeto,100,Relatório de avaliação,Avaliação final do projeto - serve para avaliar se o projeto se desenvolve conforme planejamento,2023-08-31,,na,2023-01-04 14:37:16,gabriel.g,2023-01-04 14:37:16,amauger,
244,2042,1,1 Contratação da empresa prestadora de serviços,25,Contrato assinado,Seleção realizada e contrato assinado com a empresa prestadora de serviços,2023-03-15,,na,2023-01-04 15:07:44,gabriel.g,2023-01-04 15:07:44,gabriel.g,
245,2042,1,2 Realização da capacitação,60,Avaliar se o checklist para a realização de capacitações foi concluído com sucesso (parte operacional),Realizar a capacitação conforme requisitos estabelecidos - não esquecendo das avaliações dos participantes.,2023-07-31,,na,2023-01-04 15:08:21,gabriel.g,2023-01-04 15:08:21,gabriel.g,
246,2042,1,3 Conclusão - avaliação da capacitação,15,Relatório de avaliação e conclusão,Processamento das avaliações dos participantes e análise da equipe envolvida na implementação - incluindo análise qualitativa sobre o alcance das expectativas relacionadas à capacitação e análise sobre NPS (satisfação ou fidelização de clientes) feito pelas empresas ao longo do projeto.,2023-08-15,,na,2023-01-04 15:08:50,gabriel.g,2023-01-04 15:08:50,gabriel.g,
247,2042,2,1 Avaliação final do projeto,100,Relatório de avaliação,Avaliação final do projeto - serve para avaliar se o projeto se desenvolve conforme planejamento,2023-09-30,,na,2023-01-04 15:12:37,gabriel.g,2023-01-04 15:12:37,amauger,
249,2043,1,1. Realização do evento 1,35,Avaliar se o checklist para a realização do evento 1 foi concluído com sucesso (parte operacional),Realizar o evento conforme requisitos estabelecidos - não esquecendo das avaliações dos participantes.,2023-04-30,,na,2023-01-04 15:55:44,gabriel.g,2023-01-04 15:55:44,gabriel.g,
250,2043,1,3. Realização do evento 2,35,Avaliar se o checklist para a realização do evento 2 foi concluído com sucesso (parte operacional),Realizar o evento 2 conforme requisitos estabelecidos - não esquecendo das avaliações dos participantes.,2023-10-31,,na,2023-01-04 15:57:17,gabriel.g,2023-01-04 15:57:17,gabriel.g,
251,2043,1,2. Conclusão - avaliação do evento 1,15,Relatório de avaliação e conclusão do evento 1,Processamento das avaliações dos participantes e análise da equipe envolvida na implementação - incluindo análise qualitativa sobre o alcance das expectativas relacionadas ao evento e análise sobre NPS (satisfação ou fidelização de clientes) feito pelas empresas ao longo do projeto.,2023-05-31,,na,2023-01-04 16:06:51,gabriel.g,2023-01-04 16:06:51,gabriel.g,
252,2043,1,4. Conclusão - avaliação do evento 2,15,Relatório de avaliação e conclusão do evento 2,Processamento das avaliações dos participantes e análise da equipe envolvida na implementação - incluindo análise qualitativa sobre o alcance das expectativas relacionadas ao evento e análise sobre NPS (satisfação ou fidelização de clientes) feito pelas empresas ao longo do projeto.,2023-12-31,,na,2023-01-04 16:07:25,gabriel.g,2023-01-04 16:07:25,gabriel.g,
253,2043,2,1 Contratação da empresa prestadora de serviços,25,Contrato assinado,Seleção realizada e contrato assinado com a empresa prestadora de serviços,2023-03-01,,na,2023-01-04 16:12:22,gabriel.g,2023-01-04 16:12:22,gabriel.g,
254,2043,2,2 Realização da consultoria,60,Avaliar se o checklist para a realização de consultoria foi concluído com sucesso (parte operacional),Realizar a consultoria conforme requisitos estabelecidos - não esquecendo das avaliações dos participantes.,2023-12-15,,na,2023-01-04 16:14:40,gabriel.g,2023-01-04 16:14:40,gabriel.g,
255,2043,2,3 Conclusão - avaliação da consultoria,15,Relatório de avaliação e conclusão,Processamento das avaliações dos participantes e análise da equipe envolvida na implementação - incluindo análise qualitativa sobre o alcance das expectativas relacionadas à consultoria e análise sobre NPS (satisfação ou fidelização de clientes) feito pelas empresas ao longo do projeto.,2023-12-31,,na,2023-01-04 16:15:18,gabriel.g,2023-01-04 16:15:18,gabriel.g,
256,2043,3,1 Contratação da empresa prestadora de serviços,25,Contrato assinado,Seleção realizada e contrato assinado com a empresa prestadora de serviços,2023-03-31,,na,2023-01-04 16:18:31,gabriel.g,2023-01-04 16:18:31,gabriel.g,
257,2043,3,2 Realização da consultoria,60,Avaliar se o checklist para a realização de consultorias foi concluído com sucesso (parte operacional),Realizar a consultoria conforme requisitos estabelecidos - não esquecendo das avaliações dos participantes.,2023-10-15,,na,2023-01-04 16:19:18,gabriel.g,2023-01-04 16:19:18,gabriel.g,
258,2043,3,3 Conclusão - avaliação da consultoria,15,Relatório de avaliação e conclusão,Processamento das avaliações dos participantes e análise da equipe envolvida na implementação - incluindo análise qualitativa sobre o alcance das expectativas relacionadas à consultoria e análise sobre NPS (satisfação ou fidelização de clientes) feito pelas empresas ao longo do projeto.,2023-10-31,,na,2023-01-04 16:19:51,gabriel.g,2023-01-04 16:19:51,gabriel.g,
259,2043,4,1 Contratação da empresa prestadora de serviços,25,Contrato assinado,Seleção realizada e contrato assinado com a empresa prestadora de serviços,2023-03-31,,na,2023-01-04 16:22:46,gabriel.g,2023-01-04 16:22:46,gabriel.g,
260,2043,4,2 Realização da capacitação,60,Avaliar se o checklist para a realização de capacitações foi concluído com sucesso (parte operacional),Realizar a capacitação conforme requisitos estabelecidos - não esquecendo das avaliações dos participantes.,2023-07-15,,na,2023-01-04 16:23:07,gabriel.g,2023-01-04 16:23:07,gabriel.g,
261,2043,4,3 Conclusão - avaliação da capacitação,15,Relatório de avaliação e conclusão,Processamento das avaliações dos participantes e análise da equipe envolvida na implementação - incluindo análise qualitativa sobre o alcance das expectativas relacionadas à capacitação e análise sobre NPS (satisfação ou fidelização de clientes) feito pelas empresas ao longo do projeto.,2023-07-31,,na,2023-01-04 16:23:25,gabriel.g,2023-01-04 16:23:25,gabriel.g,
262,2043,5,1 Contratação da empresa prestadora de serviços,25,Contrato assinado,Seleção realizada e contrato assinado com a empresa prestadora de serviços,2023-06-30,,na,2023-01-04 16:37:37,gabriel.g,2023-01-04 16:37:37,gabriel.g,
263,2043,5,2 Realização da capacitação,60,Avaliar se o checklist para a realização de capacitações foi concluído com sucesso (parte operacional),Realizar a capacitação conforme requisitos estabelecidos - não esquecendo das avaliações dos participantes.,2023-11-15,,na,2023-01-04 16:37:56,gabriel.g,2023-01-04 16:37:56,gabriel.g,
264,2043,5,3 Conclusão - avaliação da capacitação,15,Relatório de avaliação e conclusão,Processamento das avaliações dos participantes e análise da equipe envolvida na implementação - incluindo análise qualitativa sobre o alcance das expectativas relacionadas à capacitação e análise sobre NPS (satisfação ou fidelização de clientes) feito pelas empresas ao longo do projeto.,2023-11-30,,na,2023-01-04 16:38:14,gabriel.g,2023-01-04 16:38:14,gabriel.g,
265,2043,6,1 Contratação da empresa prestadora de serviços,25,Contrato assinado,Seleção realizada e contrato assinado com a empresa prestadora de serviços,2023-03-01,,na,2023-01-04 16:40:11,gabriel.g,2023-01-04 16:40:11,gabriel.g,
266,2043,6,2 Realização da capacitação,60,Avaliar se o checklist para a realização de capacitações foi concluído com sucesso (parte operacional),Realizar a capacitação conforme requisitos estabelecidos - não esquecendo das avaliações dos participantes.,2023-10-15,,na,2023-01-04 16:40:32,gabriel.g,2023-01-04 16:40:32,gabriel.g,
267,2043,6,3 Conclusão - avaliação da capacitação,15,Relatório de avaliação e conclusão,Processamento das avaliações dos participantes e análise da equipe envolvida na implementação - incluindo análise qualitativa sobre o alcance das expectativas relacionadas à capacitação e análise sobre NPS (satisfação ou fidelização de clientes) feito pelas empresas ao longo do projeto.,2023-10-31,,na,2023-01-04 16:40:52,gabriel.g,2023-01-04 16:40:52,gabriel.g,
268,2043,7,1 Contratação da empresa prestadora de serviços,25,Contrato assinado,Seleção realizada e contrato assinado com a empresa prestadora de serviços,2023-06-30,,na,2023-01-04 16:43:31,gabriel.g,2023-01-04 16:43:31,gabriel.g,
269,2043,7,2 Realização da capacitação,60,Avaliar se o checklist para a realização de capacitações foi concluído com sucesso (parte operacional),Realizar a capacitação conforme requisitos estabelecidos - não esquecendo das avaliações dos participantes.,2023-12-15,,na,2023-01-04 16:43:49,gabriel.g,2023-01-04 16:43:49,gabriel.g,
270,2043,7,3 Conclusão - avaliação da capacitação,15,Relatório de avaliação e conclusão,Processamento das avaliações dos participantes e análise da equipe envolvida na implementação - incluindo análise qualitativa sobre o alcance das expectativas relacionadas à capacitação e análise sobre NPS (satisfação ou fidelização de clientes) feito pelas empresas ao longo do projeto.,2023-12-31,,na,2023-01-04 16:44:08,gabriel.g,2023-01-04 16:44:08,gabriel.g,
272,2043,8,2 Avaliação final do projeto,50,Relatório de avaliação,Avaliação final do projeto,2024-01-31,,na,2023-01-04 16:48:01,gabriel.g,2023-01-04 16:48:01,gabriel.g,
273,2044,1,1 Contratação da empresa prestadora de serviços,25,Contrato assinado,Seleção realizada e contrato assinado com a empresa prestadora de serviços,2023-04-30,,na,2023-01-04 17:09:28,gabriel.g,2023-01-04 17:09:28,gabriel.g,
274,2044,1,2 Realização da capacitação,60,Avaliar se o checklist para a realização de capacitações foi concluído com sucesso (parte operacional),Realizar a capacitação conforme requisitos estabelecidos - não esquecendo das avaliações dos participantes.,2023-07-15,,na,2023-01-04 17:09:47,gabriel.g,2023-01-04 17:09:47,gabriel.g,
275,2044,1,3 Conclusão - avaliação da capacitação,15,Relatório de avaliação e conclusão,Processamento das avaliações dos participantes e análise da equipe envolvida na implementação - incluindo análise qualitativa sobre o alcance das expectativas relacionadas à capacitação e análise sobre NPS (satisfação ou fidelização de clientes) feito pelas empresas ao longo do projeto.,2023-07-31,,na,2023-01-04 17:10:09,gabriel.g,2023-01-04 17:10:09,gabriel.g,
276,2044,2,1 Contratação da empresa prestadora de serviços,25,Contrato assinado,Seleção realizada e contrato assinado com a empresa prestadora de serviços,2023-03-01,,na,2023-01-04 17:13:10,gabriel.g,2023-01-04 17:13:10,gabriel.g,
277,2044,2,2 Realização da consultoria,60,Avaliar se o checklist para a realização de consultorias foi concluído com sucesso (parte operacional),Realizar a consultoria conforme requisitos estabelecidos - não esquecendo das avaliações dos participantes.,2023-07-15,,na,2023-01-04 17:13:42,gabriel.g,2023-01-04 17:13:42,gabriel.g,
278,2044,2,3 Conclusão - avaliação da consultoria,15,Relatório de avaliação e conclusão,Processamento das avaliações dos participantes e análise da equipe envolvida na implementação - incluindo análise qualitativa sobre o alcance das expectativas relacionadas à consultoria e análise sobre NPS (satisfação ou fidelização de clientes) feito pelas empresas ao longo do projeto.,2023-07-31,,na,2023-01-04 17:15:10,gabriel.g,2023-01-04 17:15:10,gabriel.g,
279,2044,3,1. Contratação da empresa prestadora de serviços,25,Contrato assinado,Seleção realizada e contrato assinado com a empresa prestadora de serviços,2023-05-31,,na,2023-01-05 09:32:41,gabriel.g,2023-01-05 09:32:41,gabriel.g,
280,2044,3,2. Realização da consultoria,60,Avaliar se o checklist para a realização de consultorias foi concluído com sucesso (parte operacional),Realizar a consultoria conforme requisitos estabelecidos - não esquecendo das avaliações dos participantes.,2023-12-15,,na,2023-01-05 09:34:35,gabriel.g,2023-01-05 09:34:35,gabriel.g,
281,2044,3,3. Conclusão - avaliação da consultoria,15,Relatório de avaliação e conclusão,Processamento das avaliações dos participantes e análise da equipe envolvida na implementação - incluindo análise qualitativa sobre o alcance das expectativas relacionadas à consultoria,2023-12-31,,na,2023-01-05 09:35:09,gabriel.g,2023-01-05 09:35:09,gabriel.g,
282,2044,4,1. Contratação da empresa prestadora de serviços,25,Contrato assinado,Seleção realizada e contrato assinado com a empresa prestadora de serviços,2023-03-01,,na,2023-01-05 09:37:57,gabriel.g,2023-01-05 09:37:57,gabriel.g,
283,2044,4,2. Realização da consultoria,60,Avaliar se o checklist para a realização de consultorias foi concluído com sucesso (parte operacional),Realizar a consultoria conforme requisitos estabelecidos - não esquecendo das avaliações dos participantes.,2023-12-31,,na,2023-01-05 09:38:38,gabriel.g,2023-01-05 09:38:38,gabriel.g,
284,2044,4,3. Conclusão - avaliação da consultoria,15,Relatório de avaliação e conclusão,Processamento das avaliações dos participantes e análise da equipe envolvida na implementação - incluindo análise qualitativa sobre o alcance das expectativas relacionadas à consultoria,2024-01-15,,na,2023-01-05 09:39:12,gabriel.g,2023-01-05 09:39:12,gabriel.g,
285,2044,5,1. Contratação da empresa prestadora de serviços,25,Contrato assinado,Seleção realizada e contrato assinado com a empresa prestadora de serviços,2023-07-31,,na,2023-01-05 09:41:22,gabriel.g,2023-01-05 09:41:22,gabriel.g,
286,2044,5,2. Realização da consultoria,60,Avaliar se o checklist para a realização de consultorias foi concluído com sucesso (parte operacional),Realizar a consultoria conforme requisitos estabelecidos - não esquecendo das avaliações dos participantes.,2023-12-15,,na,2023-01-05 09:42:02,gabriel.g,2023-01-05 09:42:02,gabriel.g,
287,2044,5,3. Conclusão - avaliação da consultoria,15,Relatório de avaliação e conclusão,Processamento das avaliações dos participantes e análise da equipe envolvida na implementação - incluindo análise qualitativa sobre o alcance das expectativas relacionadas à consultoria,2023-12-31,,na,2023-01-05 09:42:30,gabriel.g,2023-01-05 09:42:30,gabriel.g,
289,2044,6,2. Avaliação final do projeto,50,Relatório de avaliação,Avaliação final do projeto,2024-01-31,,na,2023-01-05 09:44:29,gabriel.g,2023-01-05 09:44:29,gabriel.g,
290,2045,1,1. Contratação da empresa prestadora de serviços,25,Contrato assinado,Seleção realizada e contrato assinado com a empresa prestadora de serviços,2023-05-31,,na,2023-01-05 10:06:50,gabriel.g,2023-01-05 10:06:50,gabriel.g,
291,2045,1,2. Realização da capacitação,60,Avaliar se o checklist para a realização de capacitações foi concluído com sucesso (parte operacional),Realizar a capacitação conforme requisitos estabelecidos - não esquecendo das avaliações dos participantes.,2023-10-15,,na,2023-01-05 10:07:14,gabriel.g,2023-01-05 10:07:14,gabriel.g,
292,2045,1,3. Conclusão - avaliação da capacitação,15,Relatório de avaliação e conclusão,Processamento das avaliações dos participantes e análise da equipe envolvida na implementação - incluindo análise qualitativa sobre o alcance das expectativas relacionadas à capacitação,2023-10-31,,na,2023-01-05 10:07:32,gabriel.g,2023-01-05 10:07:32,gabriel.g,
293,2045,2,1. Contratação da empresa prestadora de serviços,25,Contrato assinado,Seleção realizada e contrato assinado com a empresa prestadora de serviços,2023-03-31,,na,2023-01-05 10:12:00,gabriel.g,2023-01-05 10:12:00,gabriel.g,
294,2045,2,2. Realização da capacitação,60,Avaliar se o checklist para a realização de capacitações foi concluído com sucesso (parte operacional),Realizar a capacitação conforme requisitos estabelecidos - não esquecendo das avaliações dos participantes.,2023-07-15,,na,2023-01-05 10:12:19,gabriel.g,2023-01-05 10:12:19,gabriel.g,
295,2045,2,3. Conclusão - avaliação da capacitação,15,Relatório de avaliação e conclusão,Processamento das avaliações dos participantes e análise da equipe envolvida na implementação - incluindo análise qualitativa sobre o alcance das expectativas relacionadas à capacitação,2023-07-31,,na,2023-01-05 10:12:45,gabriel.g,2023-01-05 10:12:45,gabriel.g,
296,2045,3,1. Contratação da empresa prestadora de serviços,25,Contrato assinado,Seleção realizada e contrato assinado com a empresa prestadora de serviços,2023-03-31,,na,2023-01-05 10:14:41,gabriel.g,2023-01-05 10:14:41,gabriel.g,
297,2045,3,2. Realização da consultoria,60,Avaliar se o checklist para a realização de consultorias foi concluído com sucesso (parte operacional),Realizar a consultoria conforme requisitos estabelecidos - não esquecendo das avaliações dos participantes.,2023-08-15,,na,2023-01-05 10:15:21,gabriel.g,2023-01-05 10:15:21,gabriel.g,
298,2045,3,3. Conclusão - avaliação da consultoria,15,Relatório de avaliação e conclusão,Processamento das avaliações dos participantes e análise da equipe envolvida na implementação - incluindo análise qualitativa sobre o alcance das expectativas relacionadas à consultoria,2023-08-31,,na,2023-01-05 10:15:47,gabriel.g,2023-01-05 10:15:47,gabriel.g,
299,2045,4,1. Compra dos cursos da plataforma,25,Nota fiscal,Compra dos cursos da plataforma com a nota fiscal e e-mail com as instruções de acesso.,2023-02-28,,na,2023-01-05 10:18:38,gabriel.g,2023-01-05 10:18:38,gabriel.g,
300,2045,4,2. Realização da capacitação,60,Avaliar se o checklist para a realização de capacitações foi concluído com sucesso (parte operacional),Realizar a capacitação conforme requisitos estabelecidos - não esquecendo das avaliações dos participantes.,2023-12-31,,na,2023-01-05 10:19:12,gabriel.g,2023-01-05 10:19:12,gabriel.g,
301,2045,4,3. Conclusão - avaliação da capacitação,15,Relatório de avaliação e conclusão,Processamento das avaliações dos participantes e análise da equipe envolvida na implementação - incluindo análise qualitativa sobre o alcance das expectativas relacionadas à capacitação,2024-01-15,,na,2023-01-05 10:19:39,gabriel.g,2023-01-05 10:19:39,gabriel.g,
302,2045,5,1. Contratação da empresa prestadora de serviços,25,Contrato assinado,Seleção realizada e contrato assinado com a empresa prestadora de serviços,2023-05-31,,na,2023-01-05 10:21:50,gabriel.g,2023-01-05 10:21:50,gabriel.g,
303,2045,5,2. Realização da capacitação,60,Avaliar se o checklist para a realização de capacitações foi concluído com sucesso (parte operacional),Realizar a capacitação conforme requisitos estabelecidos - não esquecendo das avaliações dos participantes.,2023-09-15,,na,2023-01-05 10:22:15,gabriel.g,2023-01-05 10:22:15,gabriel.g,
304,2045,5,3. Conclusão - avaliação da capacitação,15,Relatório de avaliação e conclusão,Processamento das avaliações dos participantes e análise da equipe envolvida na implementação - incluindo análise qualitativa sobre o alcance das expectativas relacionadas à capacitação,2023-09-30,,na,2023-01-05 10:22:36,gabriel.g,2023-01-05 10:22:36,gabriel.g,
306,2045,6,2. Avaliação final do projeto,50,Relatório de avaliação,Avaliação final do projeto,2024-01-31,,na,2023-01-05 10:24:24,gabriel.g,2023-01-05 10:24:24,gabriel.g,
307,2046,1,1. Contratação da empresa prestadora de serviços,25,Contrato assinado,Seleção realizada e contrato assinado com a empresa prestadora de serviços,2023-03-31,,na,2023-01-05 11:20:30,gabriel.g,2023-01-05 11:20:30,gabriel.g,
308,2046,1,2. Realização da consultoria,60,Avaliar se o checklist para a realização de consultorias foi concluído com sucesso (parte operacional),Realizar a capacitação conforme requisitos estabelecidos - não esquecendo das avaliações dos participantes.,2023-10-15,,na,2023-01-05 11:21:04,gabriel.g,2023-01-05 11:21:04,gabriel.g,
309,2046,1,3. Conclusão - avaliação da consultoria,15,Relatório de avaliação e conclusão,Processamento das avaliações dos participantes e análise da equipe envolvida na implementação - incluindo análise qualitativa sobre o alcance das expectativas relacionadas à consultoria,2023-10-31,,na,2023-01-05 11:21:35,gabriel.g,2023-01-05 11:21:35,gabriel.g,
310,2046,2,1. Contratação da empresa prestadora de serviços,25,Contrato assinado,Seleção realizada e contrato assinado com a empresa prestadora de serviços,2023-03-31,,na,2023-01-05 11:23:49,gabriel.g,2023-01-05 11:23:49,gabriel.g,
311,2046,2,2. Realização da capacitação,60,Avaliar se o checklist para a realização de capacitações foi concluído com sucesso (parte operacional),Realizar a capacitação conforme requisitos estabelecidos - não esquecendo das avaliações dos participantes.,2023-09-15,,na,2023-01-05 11:24:12,gabriel.g,2023-01-05 11:24:12,gabriel.g,
312,2046,2,3. Conclusão - avaliação da capacitação,15,Relatório de avaliação e conclusão,Processamento das avaliações dos participantes e análise da equipe envolvida na implementação - incluindo análise qualitativa sobre o alcance das expectativas relacionadas à capacitação,2023-09-30,,na,2023-01-05 11:24:31,gabriel.g,2023-01-05 11:24:31,gabriel.g,
313,2046,3,1. Contratação da empresa prestadora de serviços,25,Contrato assinado,Seleção realizada e contrato assinado com a empresa prestadora de serviços,2023-03-15,,na,2023-01-05 11:26:34,gabriel.g,2023-01-05 11:26:34,gabriel.g,
314,2046,3,2. Realização da consultoria,60,Avaliar se o checklist para a realização de consultorias foi concluído com sucesso (parte operacional),Realizar a consultoria conforme requisitos estabelecidos - não esquecendo das avaliações dos participantes.,2023-09-15,,na,2023-01-05 11:27:14,gabriel.g,2023-01-05 11:27:14,gabriel.g,
315,2046,3,3. Conclusão - avaliação da consultoria,15,Relatório de avaliação e conclusão,Processamento das avaliações dos participantes e análise da equipe envolvida na implementação - incluindo análise qualitativa sobre o alcance das expectativas relacionadas à consultoria,2023-09-30,,na,2023-01-05 11:27:45,gabriel.g,2023-01-05 11:27:45,gabriel.g,
320,2046,4,2. Avaliação final do projeto,50,Relatório de avaliação,Avaliação final do projeto,2023-12-31,,na,2023-01-05 11:45:43,gabriel.g,2023-01-05 11:45:43,gabriel.g,
321,2032,1,mc I,30,a decidir,mc 1,2023-02-02,,,2023-01-17 15:42:19,renato.rossi,2023-01-17 15:42:19,renato.rossi,
322,2032,1,mc 2,50,a ver,mc 2,2023-02-10,2023-01-18,at,2023-01-17 15:42:55,renato.rossi,2023-01-17 15:42:55,renato.rossi,
323,2048,1,1. Contratação da empresa prestadora de serviços,25,Contrato assinado,Seleção realizada e contrato assinado com a empresa prestadora de serviços,2023-03-01,,,2023-02-24 12:04:59,gabriel.g,2023-02-24 12:04:59,gabriel.g,
324,2048,1,2. Realização das palestras,60,Avaliar se o checklist para a realização de palestras foi concluído com sucesso (parte operacional),Realizar as palestras conforme requisitos estabelecidos - não esquecendo das avaliações dos participantes.,2023-03-31,,,2023-02-24 12:06:12,gabriel.g,2023-02-24 12:06:12,gabriel.g,
325,2048,1,3. Conclusão - avaliação das palestras,15,Relatório de avaliação e conclusão,Processamento das avaliações dos participantes e análise da equipe envolvida na implementação - incluindo análise qualitativa sobre o alcance das expectativas relacionadas às palestras,2023-04-01,,,2023-02-24 12:06:49,gabriel.g,2023-02-24 12:06:49,gabriel.g,
326,2048,2,1. Contratação da empresa prestadora de serviços,25,Contrato assinado,Seleção realizada e contrato assinado com a empresa prestadora de serviços,2023-03-01,,,2023-02-24 12:10:07,gabriel.g,2023-02-24 12:10:07,gabriel.g,
327,2048,2,2. Realização da consultoria,60,Avaliar se o checklist para a realização de consultorias foi concluído com sucesso (parte operacional),Realizar a capacitação conforme requisitos estabelecidos - não esquecendo das avaliações dos participantes.,2023-11-30,,,2023-02-24 12:11:30,gabriel.g,2023-02-24 12:11:30,gabriel.g,
328,2048,2,3. Conclusão - avaliação da consultoria,15,Relatório de avaliação e conclusão,Processamento das avaliações dos participantes e análise da equipe envolvida na implementação - incluindo análise qualitativa sobre o alcance das expectativas relacionadas à consultoria,2023-11-30,,,2023-02-24 12:12:12,gabriel.g,2023-02-24 12:12:12,gabriel.g,
329,2048,3,1. Contratação da empresa prestadora de serviços,25,Contrato assinado,Seleção realizada e contrato assinado com a empresa prestadora de serviços,2023-03-01,,,2023-02-24 12:18:25,gabriel.g,2023-02-24 12:18:25,gabriel.g,
330,2048,3,2. Realização das capacitações,60,Avaliar se o checklist para a realização de capacitações foi concluído com sucesso (parte operacional),Realizar as capacitações conforme requisitos estabelecidos - não esquecendo das avaliações dos participantes.,2023-03-31,,,2023-02-24 12:19:24,gabriel.g,2023-02-24 12:19:24,gabriel.g,
331,2048,3,3. Conclusão - avaliação das capacitações,15,Relatório de avaliação e conclusão,Processamento das avaliações dos participantes e análise da equipe envolvida na implementação - incluindo análise qualitativa sobre o alcance das expectativas relacionadas às capacitações,2023-04-30,,,2023-02-24 12:20:13,gabriel.g,2023-02-24 12:20:13,gabriel.g,
332,2048,4,1. Contratação da empresa prestadora de serviços,25,Contrato assinado,Seleção realizada e contrato assinado com a empresa prestadora de serviços,2023-03-01,,,2023-02-24 12:23:38,gabriel.g,2023-02-24 12:23:38,gabriel.g,
333,2048,4,2. Realização dos workshops,60,Avaliar se o checklist para a realização de workshops foi concluído com sucesso (parte operacional),Realizar os workshops conforme requisitos estabelecidos - não esquecendo das avaliações dos participantes.,2023-08-30,,,2023-02-24 12:24:59,gabriel.g,2023-02-24 12:24:59,gabriel.g,
334,2048,4,3. Conclusão - avaliação dos workshops,15,Relatório de avaliação e conclusão,Processamento das avaliações dos participantes e análise da equipe envolvida na implementação - incluindo análise qualitativa sobre o alcance das expectativas relacionadas aos workshops,2023-08-30,,,2023-02-24 12:25:41,gabriel.g,2023-02-24 12:25:41,gabriel.g,
335,2048,5,1. Contratação da empresa prestadora de serviços,25,Contrato assinado,Seleção realizada e contrato assinado com a empresa prestadora de serviços,2023-03-01,,,2023-02-24 12:27:49,gabriel.g,2023-02-24 12:27:49,gabriel.g,
336,2048,5,2. Realização dos workshops,60,Avaliar se o checklist para a realização de workshops foi concluído com sucesso (parte operacional),Realizar os workshops conforme requisitos estabelecidos - não esquecendo das avaliações dos participantes.,2023-09-30,,,2023-02-24 12:28:39,gabriel.g,2023-02-24 12:28:39,gabriel.g,
337,2048,5,3. Conclusão - avaliação dos workshops,15,Relatório de avaliação e conclusão,Processamento das avaliações dos participantes e análise da equipe envolvida na implementação - incluindo análise qualitativa sobre o alcance das expectativas relacionadas aos workshops,2023-09-30,,,2023-02-24 12:29:30,gabriel.g,2023-02-24 12:29:30,gabriel.g,
338,2048,6,1. Contratação da empresa prestadora de serviços,25,Contrato assinado,Seleção realizada e contrato assinado com a empresa prestadora de serviços,2023-03-01,,,2023-02-24 12:31:40,gabriel.g,2023-02-24 12:31:40,gabriel.g,
339,2048,6,2. Realização da consultoria,60,Avaliar se o checklist para a realização de consultorias foi concluído com sucesso (parte operacional),Realizar a consultoria conforme requisitos estabelecidos - não esquecendo das avaliações dos participantes.,2023-09-30,,,2023-02-24 12:32:28,gabriel.g,2023-02-24 12:32:28,gabriel.g,
340,2048,6,3. Conclusão - avaliação da consultoria,15,Relatório de avaliação e conclusão,Processamento das avaliações dos participantes e análise da equipe envolvida na implementação - incluindo análise qualitativa sobre o alcance das expectativas relacionadas à consultoria,2023-10-30,,,2023-02-24 12:33:09,gabriel.g,2023-02-24 12:33:09,gabriel.g,
341,2048,7,1.  Avaliação final do projeto,100,Relatório de avaliação,Avaliação final do projeto,2023-12-20,,,2023-02-24 12:36:40,gabriel.g,2023-02-24 12:36:40,gabriel.g,
342,2047,1,1. Contratação da empresa prestadora de serviços,25,Contrato assinado,Seleção realizada e contrato assinado com a empresa prestadora de serviços,2023-04-25,,,2023-03-13 15:08:01,gabriel.g,2023-03-13 15:08:01,gabriel.g,
343,2047,1,2. Realização da capacitação,60,Avaliar se o checklist para a realização de capacitações foi concluído com sucesso (parte operacional),Realizar a capacitação conforme requisitos estabelecidos - não esquecendo das avaliações dos participantes.,2023-05-25,,,2023-03-13 15:08:58,gabriel.g,2023-03-13 15:08:58,gabriel.g,
344,2047,1,3. Conclusão - avaliação da capacitação,15,Relatório de avaliação e conclusão,Processamento das avaliações dos participantes e análise da equipe envolvida na implementação - incluindo análise qualitativa sobre o alcance das expectativas relacionadas à capacitação,2023-05-31,,,2023-03-13 15:10:19,gabriel.g,2023-03-13 15:10:19,gabriel.g,
345,2047,2,1. Contratação da empresa prestadora de serviços,25,Contrato assinado,Seleção realizada e contrato assinado com a empresa prestadora de serviços,2023-05-31,,,2023-03-13 15:13:13,gabriel.g,2023-03-13 15:13:13,gabriel.g,
346,2047,2,2. Realização da capacitação,60,Avaliar se o checklist para a realização de capacitações foi concluído com sucesso (parte operacional),Realizar a capacitação conforme requisitos estabelecidos - não esquecendo das avaliações dos participantes.,2023-07-20,,,2023-03-13 15:14:16,gabriel.g,2023-03-13 15:14:16,gabriel.g,
347,2047,2,3. Conclusão - avaliação da consultoria,15,Relatório de avaliação e conclusão,Processamento das avaliações dos participantes e análise da equipe envolvida na implementação - incluindo análise qualitativa sobre o alcance das expectativas relacionadas à capacitação,2023-07-31,,,2023-03-13 15:14:58,gabriel.g,2023-03-13 15:14:58,gabriel.g,
348,2047,3,1. Contratação da empresa prestadora de serviços,25,Contrato assinado,Seleção realizada e contrato assinado com a empresa prestadora de serviços,2023-04-30,,,2023-03-13 15:17:31,gabriel.g,2023-03-13 15:17:31,gabriel.g,
349,2047,3,2. Realização da capacitação,60,Avaliar se o checklist para a realização de capacitações foi concluído com sucesso (parte operacional),Realizar a capacitação conforme requisitos estabelecidos - não esquecendo das avaliações dos participantes.,2023-08-20,,,2023-03-13 15:18:10,gabriel.g,2023-03-13 15:18:10,gabriel.g,
350,2047,3,3. Conclusão - avaliação da capacitação,15,Relatório de avaliação e conclusão,Processamento das avaliações dos participantes e análise da equipe envolvida na implementação - incluindo análise qualitativa sobre o alcance das expectativas relacionadas à capacitação,2023-08-31,,,2023-03-13 15:18:45,gabriel.g,2023-03-13 15:18:45,gabriel.g,
351,2047,4,1. Contratação da empresa prestadora de serviços,25,Contrato assinado,Seleção realizada e contrato assinado com a empresa prestadora de serviços,2023-09-20,,,2023-03-13 15:23:35,gabriel.g,2023-03-13 15:23:35,gabriel.g,
352,2047,4,2. Realização da capacitação,60,Avaliar se o checklist para a realização de capacitações foi concluído com sucesso (parte operacional),Realizar a capacitação conforme requisitos estabelecidos - não esquecendo das avaliações dos participantes.,2023-10-20,,,2023-03-13 15:27:07,gabriel.g,2023-03-13 15:27:07,gabriel.g,
353,2047,4,3. Conclusão - avaliação da capacitação,15,Relatório de avaliação e conclusão,Processamento das avaliações dos participantes e análise da equipe envolvida na implementação - incluindo análise qualitativa sobre o alcance das expectativas relacionadas à capacitação,2023-10-31,,,2023-03-13 15:27:46,gabriel.g,2023-03-13 15:27:46,gabriel.g,
354,2047,5,1. Contratação da empresa prestadora de serviços,25,Contrato assinado,Seleção realizada e contrato assinado com a empresa prestadora de serviços,2023-07-31,,,2023-03-13 15:30:35,gabriel.g,2023-03-13 15:30:35,gabriel.g,
355,2047,5,2. Realização da consultoria,60,Avaliar se o checklist para a realização de consultorias foi concluído com sucesso (parte operacional),Realizar a consultoria conforme requisitos estabelecidos - não esquecendo das avaliações dos participantes.,2023-11-15,,,2023-03-13 15:31:14,gabriel.g,2023-03-13 15:31:14,gabriel.g,
356,2047,5,3. Conclusão - avaliação da consultoria,15,Relatório de avaliação e conclusão,Processamento das avaliações dos participantes e análise da equipe envolvida na implementação - incluindo análise qualitativa sobre o alcance das expectativas relacionadas à consultoria,2023-11-30,,,2023-03-13 15:31:45,gabriel.g,2023-03-13 15:31:45,gabriel.g,
357,2047,6,1. Contratação da empresa prestadora de serviços,25,Contrato assinado,Seleção realizada e contrato assinado com a empresa prestadora de serviços,2023-08-31,,,2023-03-13 15:39:13,gabriel.g,2023-03-13 15:39:13,gabriel.g,
358,2047,6,2. Realização da consultoria,60,Avaliar se o checklist para a realização de consultorias foi concluído com sucesso (parte operacional),Realizar a consultoria conforme requisitos estabelecidos - não esquecendo das avaliações dos participantes.,2023-11-15,,,2023-03-13 15:39:58,gabriel.g,2023-03-13 15:39:58,gabriel.g,
359,2047,6,3. Conclusão - avaliação da consultoria,15,Relatório de avaliação e conclusão,Processamento das avaliações dos participantes e análise da equipe envolvida na implementação - incluindo análise qualitativa sobre o alcance das expectativas relacionadas à consultoria,2023-11-30,,,2023-03-13 15:40:24,gabriel.g,2023-03-13 15:40:24,gabriel.g,
360,2047,7,1. Visitas à grandes empresas,60,Avaliar se o checklist para as missões às grandes empresas foi concluída com sucesso (parte operacional),Realizar as missões às grandes empresas conforme requisitos estabelecidos - não esquecendo das avaliações dos participantes e evidencias fotográficas.,2023-09-20,,,2023-03-13 15:48:14,gabriel.g,2023-03-13 15:48:14,gabriel.g,
361,2047,7,2. Conclusão - avaliação das missões,40,Relatório de avaliação e conclusão,Processamento das avaliações dos participantes e análise da equipe envolvida na implementação - incluindo análise qualitativa sobre o alcance das expectativas relacionadas às visitas a grandes empresas,2023-09-30,,,2023-03-13 15:49:31,gabriel.g,2023-03-13 15:49:31,gabriel.g,
362,2047,8,1. Avaliação final do projeto,100,Relatório de avaliação,Avaliação final do projeto,2024-03-15,,,2023-03-13 15:51:50,gabriel.g,2023-03-13 15:51:50,gabriel.g,
363,2049,1,1. Contratação da empresa prestadora de serviços,25,Contrato assinado,Seleção realizada e contrato assinado com a empresa prestadora de serviços,2023-04-30,,,2023-03-21 09:48:56,gabriel.g,2023-03-21 09:48:56,gabriel.g,
364,2049,1,2. Realização da capacitação,60,Avaliar se o checklist para a realização de capacitações foi concluído com sucesso (parte operacional),Realizar a capacitação conforme requisitos estabelecidos - não esquecendo das avaliações dos participantes.,2023-06-15,,,2023-03-21 09:49:36,gabriel.g,2023-03-21 09:49:36,gabriel.g,
365,2049,1,3. Conclusão - avaliação da capacitação,15,Relatório de avaliação e conclusão,Processamento das avaliações dos participantes e análise da equipe envolvida na implementação - incluindo análise qualitativa sobre o alcance das expectativas relacionadas à capacitação,2023-06-30,,,2023-03-21 09:50:03,gabriel.g,2023-03-21 09:50:03,gabriel.g,
366,2049,2,1. Contratação da empresa prestadora de serviços,25,Contrato assinado,Seleção realizada e contrato assinado com a empresa prestadora de serviços,2023-06-30,,,2023-03-21 09:50:38,gabriel.g,2023-03-21 09:50:38,gabriel.g,
367,2049,2,2. Realização da capacitação,60,Avaliar se o checklist para a realização de capacitações foi concluído com sucesso (parte operacional),Realizar a capacitação conforme requisitos estabelecidos - não esquecendo das avaliações dos participantes.,2023-08-16,,,2023-03-21 09:51:07,gabriel.g,2023-03-21 09:51:07,gabriel.g,
368,2049,2,3. Conclusão - avaliação da capacitação,15,Relatório de avaliação e conclusão,Processamento das avaliações dos participantes e análise da equipe envolvida na implementação - incluindo análise qualitativa sobre o alcance das expectativas relacionadas à capacitação,2023-08-31,,,2023-03-21 09:51:29,gabriel.g,2023-03-21 09:51:29,gabriel.g,
369,2049,3,1. Contratação da empresa prestadora de serviços,25,Contrato assinado,Seleção realizada e contrato assinado com a empresa prestadora de serviços,2023-05-31,,,2023-03-21 09:52:02,gabriel.g,2023-03-21 09:52:02,gabriel.g,
370,2049,3,2. Realização da capacitação,60,Avaliar se o checklist para a realização de capacitações foi concluído com sucesso (parte operacional),Realizar a capacitação conforme requisitos estabelecidos - não esquecendo das avaliações dos participantes.,2023-10-16,,,2023-03-21 09:52:29,gabriel.g,2023-03-21 09:52:29,gabriel.g,
371,2049,3,3. Conclusão - avaliação da capacitação,15,Relatório de avaliação e conclusão,Processamento das avaliações dos participantes e análise da equipe envolvida na implementação - incluindo análise qualitativa sobre o alcance das expectativas relacionadas à capacitação,2023-10-31,,,2023-03-21 09:52:56,gabriel.g,2023-03-21 09:52:56,gabriel.g,
372,2049,4,1. Contratação da empresa prestadora de serviços,25,Contrato assinado,Seleção realizada e contrato assinado com a empresa prestadora de serviços,2023-07-20,,,2023-03-21 09:53:40,gabriel.g,2023-03-21 09:53:40,gabriel.g,
373,2049,4,2. Realização da capacitação,60,Avaliar se o checklist para a realização de capacitações foi concluído com sucesso (parte operacional),Realizar a capacitação conforme requisitos estabelecidos - não esquecendo das avaliações dos participantes.,2023-08-21,,,2023-03-21 09:54:11,gabriel.g,2023-03-21 09:54:11,gabriel.g,
374,2049,4,3. Conclusão - avaliação da capacitação,15,Relatório de avaliação e conclusão,Processamento das avaliações dos participantes e análise da equipe envolvida na implementação - incluindo análise qualitativa sobre o alcance das expectativas relacionadas à capacitação,2023-08-31,,,2023-03-21 09:54:35,gabriel.g,2023-03-21 09:54:35,gabriel.g,
375,2049,5,1. Contratação da empresa prestadora de serviços,25,Contrato assinado,Seleção realizada e contrato assinado com a empresa prestadora de serviços,2023-04-30,,,2023-03-21 09:55:17,gabriel.g,2023-03-21 09:55:17,gabriel.g,
376,2049,5,2. Realização da consultoria,60,Avaliar se o checklist para a realização de concusltorias foi concluído com sucesso (parte operacional),Realizar a consultoria conforme requisitos estabelecidos - não esquecendo das avaliações dos participantes.,2023-06-15,,,2023-03-21 09:56:00,gabriel.g,2023-03-21 09:56:00,gabriel.g,
377,2049,5,3. Conclusão - avaliação da consultoria,15,Relatório de avaliação e conclusão,Processamento das avaliações dos participantes e análise da equipe envolvida na implementação - incluindo análise qualitativa sobre o alcance das expectativas relacionadas à consultoria,2023-06-30,,,2023-03-21 09:56:36,gabriel.g,2023-03-21 09:56:36,gabriel.g,
378,2049,6,1. Avaliação final do projeto,100,Relatório de avaliação,Avaliação final do projeto,2023-12-15,,,2023-03-21 09:57:33,gabriel.g,2023-03-21 09:57:33,gabriel.g,